Date,HomeTeam,AwayTeam,FTHG,FTAG,FTR,HTHG,HTAG,HTR,Referee,HS,AS,HST,AST,HF,AF,HC,AC,HY,AY,HR,AR
12/09/98,Fiorentina,Empoli,2,0,H,1,0,H,,,,,,,,,,,,,
12/09/98,Milan,Bologna,3,0,H,0,0,D,,,,,,,,,,,,,
12/09/98,Parma,Vicenza,0,0,D,0,0,D,,,,,,,,,,,,,
12/09/98,Roma,Salernitana,3,1,H,0,1,A,,,,,,,,,,,,,
12/09/98,Udinese,Sampdoria,2,2,D,2,2,D,,,,,,,,,,,,,
13/09/98,Bari,Venezia,1,0,H,1,0,H,,,,,,,,,,,,,
13/09/98,Cagliari,Inter,2,2,D,2,0,H,,,,,,,,,,,,,
13/09/98,Perugia,Juventus,3,4,A,0,3,A,,,,,,,,,,,,,
13/09/98,Piacenza,Lazio,1,1,D,0,0,D,,,,,,,,,,,,,
20/09/98,Bologna,Udinese,1,3,A,0,2,A,,,,,,,,,,,,,
20/09/98,Empoli,Roma,0,0,D,0,0,D,,,,,,,,,,,,,
20/09/98,Inter,Piacenza,1,0,H,0,0,D,,,,,,,,,,,,,
20/09/98,Juventus,Cagliari,1,0,H,1,0,H,,,,,,,,,,,,,
20/09/98,Lazio,Bari,0,0,D,0,0,D,,,,,,,,,,,,,
20/09/98,Salernitana,Milan,1,2,A,0,0,D,,,,,,,,,,,,,
20/09/98,Sampdoria,Perugia,1,1,D,1,0,H,,,,,,,,,,,,,
20/09/98,Venezia,Parma,0,0,D,0,0,D,,,,,,,,,,,,,
20/09/98,Vicenza,Fiorentina,1,2,A,0,1,A,,,,,,,,,,,,,
26/09/98,Bari,Bologna,0,0,D,0,0,D,,,,,,,,,,,,,
26/09/98,Milan,Fiorentina,1,3,A,0,1,A,,,,,,,,,,,,,
26/09/98,Parma,Juventus,1,0,H,0,0,D,,,,,,,,,,,,,
26/09/98,Roma,Venezia,2,0,H,2,0,H,,,,,,,,,,,,,
26/09/98,Udinese,Salernitana,2,0,H,2,0,H,,,,,,,,,,,,,
27/09/98,Cagliari,Sampdoria,5,0,H,1,0,H,,,,,,,,,,,,,
27/09/98,Empoli,Inter,1,2,A,1,2,A,,,,,,,,,,,,,
27/09/98,Perugia,Lazio,2,2,D,1,1,D,,,,,,,,,,,,,
27/09/98,Piacenza,Vicenza,2,0,H,1,0,H,,,,,,,,,,,,,
04/10/98,Bologna,Parma,0,0,D,0,0,D,,,,,,,,,,,,,
04/10/98,Fiorentina,Udinese,1,0,H,0,0,D,,,,,,,,,,,,,
04/10/98,Inter,Perugia,2,0,H,1,0,H,,,,,,,,,,,,,
04/10/98,Juventus,Piacenza,1,0,H,1,0,H,,,,,,,,,,,,,
04/10/98,Lazio,Cagliari,2,0,H,0,0,D,,,,,,,,,,,,,
04/10/98,Salernitana,Empoli,1,1,D,1,1,D,,,,,,,,,,,,,
04/10/98,Sampdoria,Roma,2,1,H,0,0,D,,,,,,,,,,,,,
04/10/98,Venezia,Milan,0,2,A,0,1,A,,,,,,,,,,,,,
04/10/98,Vicenza,Bari,1,0,H,1,0,H,,,,,,,,,,,,,
17/10/98,Empoli,Bologna,0,0,D,0,0,D,,,,,,,,,,,,,
17/10/98,Parma,Salernitana,2,0,H,0,0,D,,,,,,,,,,,,,
17/10/98,Roma,Fiorentina,2,1,H,0,1,A,,,,,,,,,,,,,
18/10/98,Bari,Udinese,1,1,D,0,0,D,,,,,,,,,,,,,
18/10/98,Cagliari,Milan,1,0,H,1,0,H,,,,,,,,,,,,,
18/10/98,Inter,Lazio,3,5,A,1,3,A,,,,,,,,,,,,,
18/10/98,Perugia,Venezia,1,0,H,1,0,H,,,,,,,,,,,,,
18/10/98,Piacenza,Sampdoria,4,1,H,2,1,H,,,,,,,,,,,,,
18/10/98,Vicenza,Juventus,1,1,D,1,1,D,,,,,,,,,,,,,
25/10/98,Bologna,Piacenza,3,1,H,0,0,D,,,,,,,,,,,,,
25/10/98,Cagliari,Bari,3,3,D,2,1,H,,,,,,,,,,,,,
25/10/98,Fiorentina,Salernitana,4,0,H,0,0,D,,,,,,,,,,,,,
25/10/98,Juventus,Inter,1,0,H,0,0,D,,,,,,,,,,,,,
25/10/98,Lazio,Vicenza,1,1,D,0,1,A,,,,,,,,,,,,,
25/10/98,Milan,Roma,3,2,H,0,1,A,,,,,,,,,,,,,
25/10/98,Perugia,Parma,2,1,H,2,1,H,,,,,,,,,,,,,
25/10/98,Sampdoria,Empoli,3,0,H,1,0,H,,,,,,,,,,,,,
25/10/98,Udinese,Venezia,1,1,D,1,0,H,,,,,,,,,,,,,
31/10/98,Parma,Fiorentina,2,0,H,1,0,H,,,,,,,,,,,,,
31/10/98,Roma,Udinese,4,0,H,1,0,H,,,,,,,,,,,,,
31/10/98,Venezia,Bologna,0,2,A,0,0,D,,,,,,,,,,,,,
01/11/98,Empoli,Perugia,2,0,H,2,0,H,,,,,,,,,,,,,
01/11/98,Inter,Bari,2,3,A,0,0,D,,,,,,,,,,,,,
01/11/98,Juventus,Sampdoria,2,0,H,1,0,H,,,,,,,,,,,,,
01/11/98,Piacenza,Milan,1,1,D,1,0,H,,,,,,,,,,,,,
01/11/98,Salernitana,Lazio,1,0,H,0,0,D,,,,,,,,,,,,,
01/11/98,Vicenza,Cagliari,2,1,H,1,1,D,,,,,,,,,,,,,
08/11/98,Bari,Parma,1,1,D,0,0,D,,,,,,,,,,,,,
08/11/98,Bologna,Roma,1,1,D,1,1,D,,,,,,,,,,,,,
08/11/98,Cagliari,Piacenza,3,2,H,1,1,D,,,,,,,,,,,,,
08/11/98,Fiorentina,Venezia,4,1,H,2,1,H,,,,,,,,,,,,,
08/11/98,Lazio,Empoli,4,1,H,3,0,H,,,,,,,,,,,,,
08/11/98,Milan,Inter,2,2,D,1,1,D,,,,,,,,,,,,,
08/11/98,Perugia,Vicenza,3,1,H,1,1,D,,,,,,,,,,,,,
08/11/98,Sampdoria,Salernitana,1,0,H,0,0,D,,,,,,,,,,,,,
08/11/98,Udinese,Juventus,2,2,D,0,1,A,,,,,,,,,,,,,
15/11/98,Bari,Milan,0,0,D,0,0,D,,,,,,,,,,,,,
15/11/98,Empoli,Cagliari,2,1,H,1,0,H,,,,,,,,,,,,,
15/11/98,Inter,Sampdoria,3,0,H,2,0,H,,,,,,,,,,,,,
15/11/98,Parma,Udinese,4,1,H,2,1,H,,,,,,,,,,,,,
15/11/98,Piacenza,Fiorentina,4,2,H,2,2,D,,,,,,,,,,,,,
15/11/98,Roma,Juventus,2,0,H,1,0,H,,,,,,,,,,,,,
15/11/98,Salernitana,Perugia,2,0,H,0,0,D,,,,,,,,,,,,,
15/11/98,Venezia,Lazio,2,0,H,2,0,H,,,,,,,,,,,,,
15/11/98,Vicenza,Bologna,0,4,A,0,1,A,,,,,,,,,,,,,
21/11/98,Bologna,Perugia,1,1,D,1,1,D,,,,,,,,,,,,,
21/11/98,Cagliari,Parma,1,0,H,0,0,D,,,,,,,,,,,,,
21/11/98,Roma,Bari,1,1,D,0,0,D,,,,,,,,,,,,,
22/11/98,Fiorentina,Inter,3,1,H,2,1,H,,,,,,,,,,,,,
22/11/98,Juventus,Empoli,0,0,D,0,0,D,,,,,,,,,,,,,
22/11/98,Milan,Lazio,1,0,H,0,0,D,,,,,,,,,,,,,
22/11/98,Salernitana,Venezia,1,0,H,1,0,H,,,,,,,,,,,,,
22/11/98,Sampdoria,Vicenza,0,0,D,0,0,D,,,,,,,,,,,,,
22/11/98,Udinese,Piacenza,1,0,H,1,0,H,,,,,,,,,,,,,
29/11/98,Bari,Fiorentina,0,0,D,0,0,D,,,,,,,,,,,,,
29/11/98,Bologna,Juventus,3,0,H,3,0,H,,,,,,,,,,,,,
29/11/98,Empoli,Vicenza,1,0,H,1,0,H,,,,,,,,,,,,,
29/11/98,Inter,Salernitana,2,1,H,0,1,A,,,,,,,,,,,,,
29/11/98,Lazio,Roma,3,3,D,1,1,D,,,,,,,,,,,,,
29/11/98,Parma,Milan,4,0,H,2,0,H,,,,,,,,,,,,,
29/11/98,Perugia,Piacenza,2,0,H,1,0,H,,,,,,,,,,,,,
29/11/98,Udinese,Cagliari,2,1,H,1,0,H,,,,,,,,,,,,,
29/11/98,Venezia,Sampdoria,0,0,D,0,0,D,,,,,,,,,,,,,
05/12/98,Fiorentina,Bologna,1,0,H,0,0,D,,,,,,,,,,,,,
05/12/98,Roma,Perugia,5,1,H,0,1,A,,,,,,,,,,,,,
05/12/98,Sampdoria,Parma,0,2,A,0,1,A,,,,,,,,,,,,,
06/12/98,Cagliari,Venezia,0,1,A,0,0,D,,,,,,,,,,,,,
06/12/98,Juventus,Lazio,0,1,A,0,0,D,,,,,,,,,,,,,
06/12/98,Milan,Udinese,3,0,H,2,0,H,,,,,,,,,,,,,
06/12/98,Piacenza,Empoli,0,0,D,0,0,D,,,,,,,,,,,,,
06/12/98,Salernitana,Bari,2,2,D,1,1,D,,,,,,,,,,,,,
06/12/98,Vicenza,Inter,1,1,D,1,0,H,,,,,,,,,,,,,
13/12/98,Bari,Empoli,2,1,H,1,1,D,,,,,,,,,,,,,
13/12/98,Bologna,Salernitana,1,1,D,1,1,D,,,,,,,,,,,,,
13/12/98,Fiorentina,Juventus,1,0,H,0,0,D,,,,,,,,,,,,,
13/12/98,Lazio,Sampdoria,5,2,H,2,1,H,,,,,,,,,,,,,
13/12/98,Milan,Vicenza,1,0,H,0,0,D,,,,,,,,,,,,,
13/12/98,Parma,Roma,1,1,D,1,0,H,,,,,,,,,,,,,
13/12/98,Perugia,Cagliari,2,1,H,1,0,H,,,,,,,,,,,,,
13/12/98,Udinese,Inter,0,1,A,0,0,D,,,,,,,,,,,,,
13/12/98,Venezia,Piacenza,0,0,D,0,0,D,,,,,,,,,,,,,
20/12/98,Cagliari,Bologna,0,1,A,0,0,D,,,,,,,,,,,,,
20/12/98,Empoli,Parma,3,5,A,2,1,H,,,,,,,,,,,,,
20/12/98,Inter,Roma,4,1,H,0,1,A,,,,,,,,,,,,,
20/12/98,Juventus,Salernitana,3,0,H,2,0,H,,,,,,,,,,,,,
20/12/98,Lazio,Udinese,3,1,H,1,1,D,,,,,,,,,,,,,
20/12/98,Perugia,Fiorentina,2,2,D,1,1,D,,,,,,,,,,,,,
20/12/98,Piacenza,Bari,3,2,H,2,1,H,,,,,,,,,,,,,
20/12/98,Sampdoria,Milan,2,2,D,0,1,A,,,,,,,,,,,,,
20/12/98,Vicenza,Venezia,0,0,D,0,0,D,,,,,,,,,,,,,
06/01/99,Bari,Perugia,2,1,H,1,0,H,,,,,,,,,,,,,
06/01/99,Bologna,Lazio,0,1,A,0,0,D,,,,,,,,,,,,,
06/01/99,Fiorentina,Sampdoria,1,0,H,1,0,H,,,,,,,,,,,,,
06/01/99,Milan,Juventus,1,1,D,1,0,H,,,,,,,,,,,,,
06/01/99,Parma,Inter,1,0,H,0,0,D,,,,,,,,,,,,,
06/01/99,Roma,Piacenza,2,2,D,1,1,D,,,,,,,,,,,,,
06/01/99,Salernitana,Cagliari,1,3,A,1,1,D,,,,,,,,,,,,,
06/01/99,Udinese,Vicenza,2,1,H,1,0,H,,,,,,,,,,,,,
10/01/99,Cagliari,Roma,4,3,H,1,2,A,,,,,,,,,,,,,
10/01/99,Empoli,Milan,1,1,D,0,0,D,,,,,,,,,,,,,
10/01/99,Inter,Venezia,6,2,H,4,1,H,,,,,,,,,,,,,
10/01/99,Juventus,Bari,1,1,D,0,0,D,,,,,,,,,,,,,
10/01/99,Lazio,Fiorentina,2,0,H,0,0,D,,,,,,,,,,,,,
10/01/99,Perugia,Udinese,1,3,A,0,2,A,,,,,,,,,,,,,
10/01/99,Piacenza,Parma,3,6,A,1,1,D,,,,,,,,,,,,,
10/01/99,Sampdoria,Bologna,1,1,D,0,1,A,,,,,,,,,,,,,
10/01/99,Vicenza,Salernitana,1,0,H,1,0,H,,,,,,,,,,,,,
17/01/99,Bari,Sampdoria,3,1,H,1,0,H,,,,,,,,,,,,,
17/01/99,Bologna,Inter,2,0,H,1,0,H,,,,,,,,,,,,,
17/01/99,Fiorentina,Cagliari,4,2,H,1,1,D,,,,,,,,,,,,,
17/01/99,Milan,Perugia,2,1,H,2,0,H,,,,,,,,,,,,,
17/01/99,Parma,Lazio,1,3,A,0,1,A,,,,,,,,,,,,,
17/01/99,Roma,Vicenza,3,0,H,2,0,H,,,,,,,,,,,,,
17/01/99,Salernitana,Piacenza,1,1,D,1,0,H,,,,,,,,,,,,,
17/01/99,Udinese,Empoli,0,0,D,0,0,D,,,,,,,,,,,,,
17/01/99,Venezia,Juventus,1,1,D,1,0,H,,,,,,,,,,,,,
20/01/99,Venezia,Empoli,3,2,H,0,2,A,,,,,,,,,,,,,
24/01/99,Bologna,Milan,2,3,A,2,1,H,,,,,,,,,,,,,
24/01/99,Empoli,Fiorentina,0,3,A,0,0,D,,,,,,,,,,,,,
24/01/99,Inter,Cagliari,5,1,H,1,1,D,,,,,,,,,,,,,
24/01/99,Juventus,Perugia,2,1,H,0,1,A,,,,,,,,,,,,,
24/01/99,Lazio,Piacenza,4,1,H,1,0,H,,,,,,,,,,,,,
24/01/99,Salernitana,Roma,2,1,H,1,0,H,,,,,,,,,,,,,
24/01/99,Sampdoria,Udinese,1,1,D,0,1,A,,,,,,,,,,,,,
24/01/99,Venezia,Bari,2,1,H,1,0,H,,,,,,,,,,,,,
24/01/99,Vicenza,Parma,0,0,D,0,0,D,,,,,,,,,,,,,
31/01/99,Bari,Lazio,1,3,A,0,2,A,,,,,,,,,,,,,
31/01/99,Cagliari,Juventus,1,0,H,1,0,H,,,,,,,,,,,,,
31/01/99,Fiorentina,Vicenza,3,0,H,2,0,H,,,,,,,,,,,,,
31/01/99,Milan,Salernitana,3,2,H,2,2,D,,,,,,,,,,,,,
31/01/99,Parma,Venezia,2,2,D,1,1,D,,,,,,,,,,,,,
31/01/99,Perugia,Sampdoria,2,0,H,2,0,H,,,,,,,,,,,,,
31/01/99,Piacenza,Inter,0,0,D,0,0,D,,,,,,,,,,,,,
31/01/99,Roma,Empoli,1,1,D,0,0,D,,,,,,,,,,,,,
31/01/99,Udinese,Bologna,2,0,H,1,0,H,,,,,,,,,,,,,
07/02/99,Bologna,Bari,3,1,H,1,1,D,,,,,,,,,,,,,
07/02/99,Fiorentina,Milan,0,0,D,0,0,D,,,,,,,,,,,,,
07/02/99,Inter,Empoli,5,1,H,3,0,H,,,,,,,,,,,,,
07/02/99,Juventus,Parma,2,4,A,1,3,A,,,,,,,,,,,,,
07/02/99,Lazio,Perugia,3,0,H,1,0,H,,,,,,,,,,,,,
07/02/99,Salernitana,Udinese,1,2,A,0,1,A,,,,,,,,,,,,,
07/02/99,Sampdoria,Cagliari,0,0,D,0,0,D,,,,,,,,,,,,,
07/02/99,Venezia,Roma,3,1,H,1,0,H,,,,,,,,,,,,,
07/02/99,Vicenza,Piacenza,1,0,H,1,0,H,,,,,,,,,,,,,
14/02/99,Bari,Vicenza,0,0,D,0,0,D,,,,,,,,,,,,,
14/02/99,Cagliari,Lazio,0,0,D,0,0,D,,,,,,,,,,,,,
14/02/99,Empoli,Salernitana,2,3,A,1,1,D,,,,,,,,,,,,,
14/02/99,Milan,Venezia,2,1,H,1,0,H,,,,,,,,,,,,,
14/02/99,Parma,Bologna,1,1,D,0,1,A,,,,,,,,,,,,,
14/02/99,Perugia,Inter,2,1,H,1,0,H,,,,,,,,,,,,,
14/02/99,Piacenza,Juventus,0,2,A,0,1,A,,,,,,,,,,,,,
14/02/99,Roma,Sampdoria,3,1,H,1,1,D,,,,,,,,,,,,,
14/02/99,Udinese,Fiorentina,1,0,H,0,0,D,,,,,,,,,,,,,
21/02/99,Bologna,Empoli,2,0,H,1,0,H,,,,,,,,,,,,,
21/02/99,Fiorentina,Roma,0,0,D,0,0,D,,,,,,,,,,,,,
21/02/99,Juventus,Vicenza,2,0,H,2,0,H,,,,,,,,,,,,,
21/02/99,Lazio,Inter,1,0,H,1,0,H,,,,,,,,,,,,,
21/02/99,Milan,Cagliari,1,0,H,0,0,D,,,,,,,,,,,,,
21/02/99,Salernitana,Parma,1,2,A,0,1,A,,,,,,,,,,,,,
21/02/99,Sampdoria,Piacenza,3,2,H,2,0,H,,,,,,,,,,,,,
21/02/99,Udinese,Bari,4,0,H,1,0,H,,,,,,,,,,,,,
21/02/99,Venezia,Perugia,2,1,H,1,0,H,,,,,,,,,,,,,
27/02/99,Inter,Juventus,0,0,D,0,0,D,,,,,,,,,,,,,
27/02/99,Parma,Perugia,3,1,H,2,0,H,,,,,,,,,,,,,
27/02/99,Piacenza,Bologna,5,0,H,3,0,H,,,,,,,,,,,,,
27/02/99,Roma,Milan,1,0,H,0,0,D,,,,,,,,,,,,,
28/02/99,Bari,Cagliari,1,1,D,0,0,D,,,,,,,,,,,,,
28/02/99,Empoli,Sampdoria,0,1,A,0,1,A,,,,,,,,,,,,,
28/02/99,Salernitana,Fiorentina,1,1,D,0,0,D,,,,,,,,,,,,,
28/02/99,Venezia,Udinese,1,0,H,0,0,D,,,,,,,,,,,,,
28/02/99,Vicenza,Lazio,1,2,A,0,0,D,,,,,,,,,,,,,
07/03/99,Bari,Inter,1,0,H,1,0,H,,,,,,,,,,,,,
07/03/99,Bologna,Venezia,2,1,H,0,1,A,,,,,,,,,,,,,
07/03/99,Cagliari,Vicenza,1,0,H,1,0,H,,,,,,,,,,,,,
07/03/99,Fiorentina,Parma,2,1,H,1,0,H,,,,,,,,,,,,,
07/03/99,Lazio,Salernitana,6,1,H,1,1,D,,,,,,,,,,,,,
07/03/99,Milan,Piacenza,1,0,H,1,0,H,,,,,,,,,,,,,
07/03/99,Perugia,Empoli,3,1,H,0,1,A,,,,,,,,,,,,,
07/03/99,Sampdoria,Juventus,1,2,A,0,0,D,,,,,,,,,,,,,
07/03/99,Udinese,Roma,2,1,H,0,1,A,,,,,,,,,,,,,
13/03/99,Inter,Milan,2,2,D,1,1,D,,,,,,,,,,,,,
13/03/99,Juventus,Udinese,2,1,H,1,0,H,,,,,,,,,,,,,
13/03/99,Parma,Bari,2,1,H,0,1,A,,,,,,,,,,,,,
13/03/99,Roma,Bologna,3,1,H,2,0,H,,,,,,,,,,,,,
14/03/99,Empoli,Lazio,0,0,D,0,0,D,,,,,,,,,,,,,
14/03/99,Piacenza,Cagliari,2,0,H,1,0,H,,,,,,,,,,,,,
14/03/99,Salernitana,Sampdoria,2,0,H,0,0,D,,,,,,,,,,,,,
14/03/99,Venezia,Fiorentina,4,1,H,2,0,H,,,,,,,,,,,,,
14/03/99,Vicenza,Perugia,3,0,H,3,0,H,,,,,,,,,,,,,
21/03/99,Bologna,Vicenza,4,2,H,1,1,D,,,,,,,,,,,,,
21/03/99,Cagliari,Empoli,5,1,H,2,0,H,,,,,,,,,,,,,
21/03/99,Fiorentina,Piacenza,2,1,H,1,0,H,,,,,,,,,,,,,
21/03/99,Juventus,Roma,1,1,D,0,0,D,,,,,,,,,,,,,
21/03/99,Lazio,Venezia,2,0,H,2,0,H,,,,,,,,,,,,,
21/03/99,Milan,Bari,2,2,D,1,1,D,,,,,,,,,,,,,
21/03/99,Perugia,Salernitana,1,0,H,0,0,D,,,,,,,,,,,,,
21/03/99,Sampdoria,Inter,4,0,H,1,0,H,,,,,,,,,,,,,
21/03/99,Udinese,Parma,2,1,H,1,0,H,,,,,,,,,,,,,
03/04/99,Bari,Roma,1,4,A,0,1,A,,,,,,,,,,,,,
03/04/99,Empoli,Juventus,1,0,H,1,0,H,,,,,,,,,,,,,
03/04/99,Inter,Fiorentina,2,0,H,1,0,H,,,,,,,,,,,,,
03/04/99,Lazio,Milan,0,0,D,0,0,D,,,,,,,,,,,,,
03/04/99,Parma,Cagliari,1,1,D,1,0,H,,,,,,,,,,,,,
03/04/99,Perugia,Bologna,0,0,D,0,0,D,,,,,,,,,,,,,
03/04/99,Piacenza,Udinese,4,3,H,2,3,A,,,,,,,,,,,,,
03/04/99,Venezia,Salernitana,0,0,D,0,0,D,,,,,,,,,,,,,
03/04/99,Vicenza,Sampdoria,1,0,H,1,0,H,,,,,,,,,,,,,
11/04/99,Cagliari,Udinese,1,2,A,0,1,A,,,,,,,,,,,,,
11/04/99,Fiorentina,Bari,2,2,D,1,0,H,,,,,,,,,,,,,
11/04/99,Juventus,Bologna,2,2,D,1,1,D,,,,,,,,,,,,,
11/04/99,Milan,Parma,2,1,H,0,1,A,,,,,,,,,,,,,
11/04/99,Piacenza,Perugia,2,0,H,0,0,D,,,,,,,,,,,,,
11/04/99,Roma,Lazio,3,1,H,2,1,H,,,,,,,,,,,,,
11/04/99,Salernitana,Inter,2,0,H,1,0,H,,,,,,,,,,,,,
11/04/99,Sampdoria,Venezia,2,1,H,1,0,H,,,,,,,,,,,,,
11/04/99,Vicenza,Empoli,2,0,H,0,0,D,,,,,,,,,,,,,
17/04/99,Bologna,Fiorentina,3,0,H,1,0,H,,,,,,,,,,,,,
17/04/99,Lazio,Juventus,1,3,A,0,2,A,,,,,,,,,,,,,
17/04/99,Parma,Sampdoria,1,1,D,1,0,H,,,,,,,,,,,,,
18/04/99,Bari,Salernitana,0,0,D,0,0,D,,,,,,,,,,,,,
18/04/99,Empoli,Piacenza,1,2,A,0,0,D,,,,,,,,,,,,,
18/04/99,Inter,Vicenza,1,1,D,1,0,H,,,,,,,,,,,,,
18/04/99,Perugia,Roma,3,2,H,1,2,A,,,,,,,,,,,,,
18/04/99,Udinese,Milan,1,5,A,0,3,A,,,,,,,,,,,,,
18/04/99,Venezia,Cagliari,1,0,H,0,0,D,,,,,,,,,,,,,
25/04/99,Cagliari,Perugia,2,2,D,1,1,D,,,,,,,,,,,,,
25/04/99,Empoli,Bari,0,2,A,0,0,D,,,,,,,,,,,,,
25/04/99,Inter,Udinese,1,3,A,0,1,A,,,,,,,,,,,,,
25/04/99,Juventus,Fiorentina,2,1,H,1,0,H,,,,,,,,,,,,,
25/04/99,Piacenza,Venezia,0,1,A,0,1,A,,,,,,,,,,,,,
25/04/99,Roma,Parma,1,0,H,0,0,D,,,,,,,,,,,,,
25/04/99,Salernitana,Bologna,4,0,H,2,0,H,,,,,,,,,,,,,
25/04/99,Sampdoria,Lazio,0,1,A,0,0,D,,,,,,,,,,,,,
25/04/99,Vicenza,Milan,0,2,A,0,1,A,,,,,,,,,,,,,
02/05/99,Bari,Piacenza,3,1,H,1,1,D,,,,,,,,,,,,,
02/05/99,Bologna,Cagliari,1,3,A,1,1,D,,,,,,,,,,,,,
02/05/99,Fiorentina,Perugia,5,1,H,2,0,H,,,,,,,,,,,,,
02/05/99,Milan,Sampdoria,3,2,H,1,0,H,,,,,,,,,,,,,
02/05/99,Parma,Empoli,1,0,H,1,0,H,,,,,,,,,,,,,
02/05/99,Salernitana,Juventus,1,0,H,1,0,H,,,,,,,,,,,,,
02/05/99,Udinese,Lazio,0,3,A,0,1,A,,,,,,,,,,,,,
02/05/99,Venezia,Vicenza,1,2,A,0,1,A,,,,,,,,,,,,,
03/05/99,Roma,Inter,4,5,A,1,3,A,,,,,,,,,,,,,
08/05/99,Inter,Parma,1,3,A,1,0,H,,,,,,,,,,,,,
09/05/99,Cagliari,Salernitana,3,1,H,1,1,D,,,,,,,,,,,,,
09/05/99,Empoli,Venezia,2,2,D,0,0,D,,,,,,,,,,,,,
09/05/99,Juventus,Milan,0,2,A,0,0,D,,,,,,,,,,,,,
09/05/99,Lazio,Bologna,2,0,H,0,0,D,,,,,,,,,,,,,
09/05/99,Perugia,Bari,0,1,A,0,0,D,,,,,,,,,,,,,
09/05/99,Piacenza,Roma,2,0,H,1,0,H,,,,,,,,,,,,,
09/05/99,Sampdoria,Fiorentina,3,2,H,1,2,A,,,,,,,,,,,,,
09/05/99,Vicenza,Udinese,2,3,A,0,1,A,,,,,,,,,,,,,
15/05/99,Fiorentina,Lazio,1,1,D,1,1,D,,,,,,,,,,,,,
15/05/99,Milan,Empoli,4,0,H,1,0,H,,,,,,,,,,,,,
16/05/99,Bari,Juventus,0,1,A,0,0,D,,,,,,,,,,,,,
16/05/99,Bologna,Sampdoria,2,2,D,1,2,A,,,,,,,,,,,,,
16/05/99,Parma,Piacenza,0,1,A,0,1,A,,,,,,,,,,,,,
16/05/99,Roma,Cagliari,3,1,H,2,0,H,,,,,,,,,,,,,
16/05/99,Salernitana,Vicenza,2,1,H,1,0,H,,,,,,,,,,,,,
16/05/99,Udinese,Perugia,1,2,A,0,1,A,,,,,,,,,,,,,
16/05/99,Venezia,Inter,3,1,H,3,0,H,,,,,,,,,,,,,
23/05/99,Cagliari,Fiorentina,1,1,D,0,1,A,,,,,,,,,,,,,
23/05/99,Empoli,Udinese,1,3,A,1,1,D,,,,,,,,,,,,,
23/05/99,Inter,Bologna,3,1,H,1,0,H,,,,,,,,,,,,,
23/05/99,Juventus,Venezia,3,2,H,2,0,H,,,,,,,,,,,,,
23/05/99,Lazio,Parma,2,1,H,1,0,H,,,,,,,,,,,,,
23/05/99,Perugia,Milan,1,2,A,1,2,A,,,,,,,,,,,,,
23/05/99,Piacenza,Salernitana,1,1,D,0,0,D,,,,,,,,,,,,,
23/05/99,Sampdoria,Bari,1,0,H,1,0,H,,,,,,,,,,,,,
23/05/99,Vicenza,Roma,1,4,A,1,1,D,,,,,,,,,,,,,
