Date,HomeTeam,AwayTeam,FTHG,FTAG,FTR,HTHG,HTAG,HTR,Referee,HS,AS,HST,AST,HF,AF,HC,AC,HY,AY,HR,AR
09/09/06,Fiorentina,Inter,2,3,A,0,2,A,R. Rosetti,10,9,8,5,26,24,6,2,3,1,0,0
09/09/06,Roma,Livorno,2,0,H,1,0,H,D. Messina,11,6,7,3,19,17,8,6,2,2,0,0
10/09/06,Atalanta,Ascoli,3,1,H,3,0,H,M. Bergonzi,11,7,6,2,24,10,4,4,1,2,0,0
10/09/06,Cagliari,Catania,0,1,A,0,0,D,G. Rocchi,16,9,7,5,16,17,3,5,0,5,1,0
10/09/06,Chievo,Siena,1,2,A,1,0,H,C. Brighi,3,7,2,6,14,26,6,7,4,1,1,0
10/09/06,Messina,Udinese,1,0,H,0,0,D,P. Mazzoleni,9,12,5,4,16,18,4,4,3,1,0,0
10/09/06,Milan,Lazio,2,1,H,1,0,H,P. Bertini,8,10,6,6,14,14,4,3,3,3,0,0
10/09/06,Palermo,Reggina,4,3,H,3,1,H,N. Ayroldi,13,13,6,8,31,23,4,3,4,4,0,1
10/09/06,Sampdoria,Empoli,1,2,A,1,1,D,G. Gava,13,13,4,7,36,28,7,6,3,1,2,0
10/09/06,Torino,Parma,1,1,D,0,0,D,N. Stefanini,16,10,9,4,18,21,6,1,2,2,0,0
16/09/06,Inter,Sampdoria,1,1,D,0,0,D,P. Tagliavento,11,3,5,1,18,12,8,4,3,2,0,0
16/09/06,Reggina,Cagliari,2,1,H,0,0,D,O. Girardi,14,9,8,1,20,18,9,2,3,3,0,0
17/09/06,Ascoli,Messina,1,1,D,0,0,D,L. Banti,13,4,4,2,12,14,8,2,3,4,0,1
17/09/06,Catania,Atalanta,0,0,D,0,0,D,L. Palanca,10,6,5,2,29,24,8,1,3,6,0,0
17/09/06,Empoli,Chievo,1,1,D,0,1,A,F. Squillace,11,4,2,1,24,19,6,6,1,1,0,1
17/09/06,Lazio,Palermo,1,2,A,0,2,A,N. Rizzoli,16,8,12,5,23,29,14,3,4,4,0,0
17/09/06,Livorno,Fiorentina,1,0,H,0,0,D,S. Farina,10,16,4,5,24,23,3,5,1,2,0,1
17/09/06,Parma,Milan,0,2,A,0,1,A,M. Trefoloni,12,11,6,7,16,12,3,4,2,3,0,0
17/09/06,Siena,Roma,1,3,A,0,0,D,A. De Marco,5,19,2,12,12,12,4,7,1,0,1,0
17/09/06,Udinese,Torino,2,0,H,1,0,H,O. Pantana,14,11,6,4,16,26,3,6,4,1,0,0
20/09/06,Atalanta,Empoli,0,0,D,0,0,D,G. Lops,6,7,3,4,15,14,6,7,3,1,0,0
20/09/06,Cagliari,Livorno,2,2,D,1,1,D,L. Marelli,16,5,9,2,17,29,8,3,1,2,0,0
20/09/06,Chievo,Lazio,0,1,A,0,0,D,L. Banti,5,7,2,6,16,12,5,6,4,1,0,0
20/09/06,Fiorentina,Parma,1,0,H,1,0,H,T. Pieri,11,10,6,5,23,28,8,4,2,6,1,0
20/09/06,Messina,Reggina,2,0,H,1,0,H,M. Saccani,8,13,2,3,16,18,1,5,6,3,0,0
20/09/06,Milan,Ascoli,1,0,H,0,0,D,P. Dondarini,16,12,5,6,9,11,5,1,0,2,0,0
20/09/06,Palermo,Catania,5,3,H,1,1,D,M. Trefoloni,16,9,9,5,29,20,8,8,1,2,1,0
20/09/06,Roma,Inter,0,1,A,0,1,A,N. Rizzoli,10,9,6,7,18,21,7,8,3,1,0,1
20/09/06,Sampdoria,Udinese,3,3,D,1,3,A,P. Bertini,14,9,8,7,21,20,8,2,4,2,0,0
20/09/06,Torino,Siena,1,2,A,1,2,A,A. Giannoccaro,11,8,4,5,13,18,6,4,1,3,0,0
23/09/06,Catania,Messina,2,2,D,0,1,A,S. Farina,14,11,7,5,17,22,8,3,3,3,1,1
23/09/06,Livorno,Milan,0,0,D,0,0,D,N. Ayroldi,8,16,2,5,18,17,4,5,2,3,0,0
24/09/06,Ascoli,Sampdoria,1,1,D,1,0,H,P. Mazzoleni,12,9,5,6,23,17,11,7,4,2,0,1
24/09/06,Empoli,Palermo,2,0,H,1,0,H,P. Tagliavento,11,14,6,4,21,22,4,3,2,3,0,1
24/09/06,Inter,Chievo,4,3,H,1,0,H,A. Giannoccaro,13,6,9,4,18,13,8,3,2,0,0,0
24/09/06,Lazio,Atalanta,1,0,H,0,0,D,O. Girardi,15,7,9,4,20,23,6,2,2,4,0,0
24/09/06,Parma,Roma,0,4,A,0,2,A,G. Rocchi,13,15,4,8,23,16,3,4,3,3,0,0
24/09/06,Reggina,Torino,1,1,D,0,0,D,C. Brighi,11,11,3,3,21,26,7,2,3,5,0,0
24/09/06,Siena,Cagliari,0,0,D,0,0,D,A. Romeo,4,9,1,3,31,18,4,3,2,2,1,0
24/09/06,Udinese,Fiorentina,1,0,H,1,0,H,M. Bergonzi,12,10,5,7,19,20,4,7,2,2,0,0
30/09/06,Atalanta,Reggina,1,1,D,1,1,D,O. Pantana,11,14,3,2,17,19,5,3,3,3,0,0
30/09/06,Torino,Lazio,0,4,A,0,0,D,T. Pieri,14,12,1,6,14,14,5,4,1,1,0,0
01/10/06,Cagliari,Inter,1,1,D,1,1,D,D. Messina,7,15,2,5,11,26,3,6,2,4,0,0
01/10/06,Chievo,Palermo,0,1,A,0,1,A,S. Farina,6,7,3,3,19,15,5,4,1,2,0,0
01/10/06,Fiorentina,Catania,3,0,H,0,0,D,S. Farina,19,3,14,1,27,20,8,2,3,3,0,2
01/10/06,Messina,Livorno,0,1,A,0,0,D,P. Dondarini,13,12,5,7,10,10,6,1,2,3,0,0
01/10/06,Milan,Siena,0,0,D,0,0,D,N. Stefanini,18,12,8,6,12,14,9,2,0,4,0,0
01/10/06,Roma,Empoli,1,0,H,1,0,H,R. Rosetti,14,10,7,2,15,17,3,7,1,0,0,0
01/10/06,Sampdoria,Parma,3,2,H,1,1,D,N. Rizzoli,16,12,8,5,26,20,6,6,4,3,0,1
01/10/06,Udinese,Ascoli,0,0,D,0,0,D,R. Herberg,13,11,7,4,21,23,5,2,3,2,0,0
14/10/06,Sampdoria,Milan,1,1,D,0,0,D,R. Rosetti,11,11,5,5,10,17,1,5,3,3,0,0
14/10/06,Siena,Messina,3,1,H,1,1,D,N. Ayroldi,20,4,9,3,24,17,5,2,1,1,1,2
15/10/06,Ascoli,Livorno,0,2,A,0,1,A,C. Brighi,9,4,4,4,18,18,3,5,5,2,0,1
15/10/06,Empoli,Fiorentina,1,2,A,1,0,H,M. Saccani,6,20,1,8,18,23,3,6,3,6,0,1
15/10/06,Inter,Catania,2,1,H,1,1,D,P. Mazzoleni,8,5,4,3,22,14,10,3,1,2,0,0
15/10/06,Lazio,Cagliari,0,0,D,0,0,D,A. De Marco,10,3,4,0,21,15,7,5,4,1,1,2
15/10/06,Palermo,Atalanta,2,3,A,2,2,D,L. Banti,12,12,4,9,15,21,2,7,2,2,0,0
15/10/06,Parma,Udinese,0,3,A,0,2,A,L. Palanca,14,9,7,5,21,18,7,4,2,3,0,1
15/10/06,Reggina,Roma,1,0,H,0,0,D,M. Trefoloni,8,13,3,5,20,28,7,6,6,5,0,0
15/10/06,Torino,Chievo,1,0,H,0,0,D,P. Bertini,9,5,3,1,25,16,6,6,5,1,0,0
21/10/06,Cagliari,Torino,0,0,D,0,0,D,P. Tagliavento,14,3,8,0,20,20,8,3,0,4,0,0
21/10/06,Messina,Empoli,2,2,D,1,1,D,G. Gava,7,8,3,3,23,14,3,8,3,1,0,0
22/10/06,Atalanta,Sampdoria,3,2,H,1,2,A,A. Romeo,7,4,4,3,23,28,6,2,1,5,0,0
22/10/06,Catania,Lazio,3,1,H,2,0,H,D. Messina,12,9,8,2,20,30,3,2,2,3,0,0
22/10/06,Fiorentina,Reggina,3,0,H,2,0,H,L. Marelli,13,3,5,1,12,15,6,4,2,1,0,0
22/10/06,Livorno,Siena,0,0,D,0,0,D,M. Girard,5,9,1,2,20,14,5,1,3,2,0,0
22/10/06,Milan,Palermo,0,2,A,0,0,D,G. Rocchi,11,8,5,4,10,16,9,1,1,3,0,0
22/10/06,Parma,Ascoli,1,0,H,1,0,H,G. Lops,6,9,4,6,22,30,2,4,3,2,0,0
22/10/06,Roma,Chievo,1,1,D,0,1,A,P. Dondarini,25,8,11,5,10,17,12,5,0,2,0,0
22/10/06,Udinese,Inter,0,0,D,0,0,D,T. Pieri,11,7,3,4,13,24,5,7,2,3,0,0
25/10/06,Atalanta,Cagliari,3,3,D,1,2,A,N. Stefanini,12,8,4,5,19,22,5,2,3,1,0,0
25/10/06,Chievo,Milan,0,1,A,0,1,A,N. Rizzoli,7,12,2,6,11,15,6,5,2,2,0,0
25/10/06,Empoli,Udinese,1,1,D,0,0,D,A. Giannoccaro,12,8,5,4,10,12,3,3,1,4,0,0
25/10/06,Inter,Livorno,4,1,H,2,0,H,M. Saccani,16,10,11,4,11,12,8,4,0,2,0,0
25/10/06,Palermo,Messina,2,1,H,2,1,H,T. Pieri,12,17,7,9,21,17,4,6,2,3,0,0
25/10/06,Reggina,Parma,3,2,H,1,1,D,R. Rosetti,11,10,8,5,22,24,1,2,2,4,1,1
25/10/06,Roma,Ascoli,2,2,D,0,1,A,G. Rocchi,17,4,10,3,7,21,8,3,3,5,0,0
25/10/06,Sampdoria,Lazio,2,0,H,0,0,D,M. Trefoloni,12,12,6,7,16,22,7,2,2,1,0,2
25/10/06,Siena,Catania,1,1,D,0,0,D,C. Brighi,17,8,9,4,21,22,3,5,1,1,0,0
25/10/06,Torino,Fiorentina,0,1,A,0,1,A,N. Ayroldi,13,10,6,4,19,20,7,6,2,1,0,0
28/10/06,Milan,Inter,3,4,A,0,2,A,S. Farina,17,9,15,8,25,20,9,1,3,4,0,1
28/10/06,Udinese,Roma,0,1,A,0,0,D,P. Bertini,11,16,2,10,20,15,7,4,4,3,1,0
29/10/06,Ascoli,Siena,0,1,A,0,0,D,L. Palanca,9,11,5,4,20,19,4,4,5,2,1,1
29/10/06,Cagliari,Sampdoria,1,0,H,1,0,H,O. Pantana,6,5,2,0,10,20,2,2,2,2,0,0
29/10/06,Catania,Torino,1,1,D,1,0,H,M. Ciampi,8,9,4,4,30,24,1,6,2,3,1,0
29/10/06,Fiorentina,Palermo,2,3,A,1,1,D,D. Messina,18,9,6,5,18,26,3,2,0,4,0,0
29/10/06,Lazio,Reggina,0,0,D,0,0,D,G. Gava,14,7,5,3,21,23,10,2,5,2,1,0
29/10/06,Livorno,Empoli,0,0,D,0,0,D,M. Bergonzi,11,6,2,4,18,17,4,3,1,0,0,0
29/10/06,Messina,Chievo,2,1,H,1,1,D,O. Girardi,19,11,8,4,14,17,10,7,3,4,1,0
29/10/06,Parma,Atalanta,3,1,H,1,0,H,R. Herberg,8,6,6,4,22,20,3,8,4,3,0,1
04/11/06,Reggina,Catania,0,1,A,0,0,D,P. Tagliavento,14,14,7,5,20,16,9,6,2,2,0,0
04/11/06,Siena,Parma,2,2,D,0,1,A,F. Squillace,8,9,4,4,12,12,9,6,2,2,0,0
05/11/06,Atalanta,Milan,2,0,H,0,0,D,T. Pieri,6,13,5,3,22,17,3,11,1,2,0,0
05/11/06,Chievo,Cagliari,0,0,D,0,0,D,P. Mazzoleni,8,9,3,1,23,17,6,5,4,2,0,0
05/11/06,Empoli,Lazio,1,1,D,0,1,A,C. Brighi,10,9,3,4,28,22,5,4,2,2,2,1
05/11/06,Inter,Ascoli,2,0,H,1,0,H,L. Banti,13,7,6,4,9,8,6,7,4,1,0,0
05/11/06,Livorno,Udinese,1,0,H,0,0,D,G. Rocchi,4,5,3,1,23,23,8,1,1,2,0,1
05/11/06,Palermo,Sampdoria,2,0,H,1,0,H,M. Saccani,10,9,6,4,15,21,2,4,1,0,0,1
05/11/06,Roma,Fiorentina,3,1,H,1,1,D,R. Rosetti,17,5,6,3,20,24,4,3,2,1,0,0
05/11/06,Torino,Messina,1,1,D,0,1,A,A. Romeo,15,11,6,2,26,15,10,2,4,4,0,1
11/11/06,Fiorentina,Atalanta,3,1,H,1,1,D,A. De Marco,21,10,10,4,20,20,3,3,1,3,0,0
11/11/06,Milan,Roma,1,2,A,0,1,A,D. Messina,24,12,11,6,20,15,7,6,2,3,0,0
12/11/06,Ascoli,Empoli,0,1,A,0,1,A,P. Dondarini,11,8,7,3,28,21,9,3,1,3,0,0
12/11/06,Catania,Livorno,3,2,H,1,1,D,N. Ayroldi,14,8,8,3,18,21,9,4,2,1,0,0
12/11/06,Lazio,Udinese,5,0,H,2,0,H,M. Bergonzi,14,6,11,0,15,17,4,1,2,3,0,1
12/11/06,Messina,Cagliari,2,2,D,1,0,H,A. Giannoccaro,13,9,9,4,20,8,7,7,3,3,0,0
12/11/06,Palermo,Torino,3,0,H,1,0,H,L. Palanca,14,12,11,4,18,11,4,0,3,1,0,0
12/11/06,Parma,Inter,1,2,A,1,1,D,M. Saccani,9,14,3,8,21,17,3,9,3,2,0,1
12/11/06,Sampdoria,Chievo,3,0,H,3,0,H,L. Marelli,17,10,8,8,22,19,7,10,2,3,0,1
12/11/06,Siena,Reggina,0,1,A,0,0,D,N. Rizzoli,13,11,4,7,22,15,10,3,4,5,0,0
18/11/06,Cagliari,Palermo,1,0,H,0,0,D,P. Bertini,9,8,3,4,11,26,3,2,2,3,0,1
18/11/06,Empoli,Milan,0,0,D,0,0,D,P. Tagliavento,8,15,5,8,22,24,2,6,2,3,0,0
19/11/06,Ascoli,Fiorentina,1,1,D,0,1,A,P. Mazzoleni,11,7,3,5,19,16,5,5,1,3,0,0
19/11/06,Chievo,Atalanta,2,2,D,1,0,H,N. Stefanini,13,14,5,7,16,24,6,8,1,5,0,0
19/11/06,Inter,Reggina,1,0,H,1,0,H,G. Rocchi,11,6,4,2,30,14,3,8,2,3,0,0
19/11/06,Livorno,Parma,3,0,H,1,0,H,A. Romeo,16,10,9,5,16,17,3,0,0,3,0,1
19/11/06,Messina,Lazio,1,4,A,0,1,A,N. Ayroldi,4,13,1,6,19,20,5,10,1,3,0,0
19/11/06,Roma,Catania,7,0,H,4,0,H,O. Girardi,25,5,16,2,15,14,12,3,1,1,0,2
19/11/06,Torino,Sampdoria,1,0,H,0,0,D,L. Banti,11,3,3,1,23,21,10,3,5,3,0,0
19/11/06,Udinese,Siena,3,0,H,2,0,H,S. Farina,9,7,4,5,14,21,5,1,1,3,0,0
25/11/06,Chievo,Udinese,2,0,H,1,0,H,O. Pantana,11,7,8,3,18,19,5,4,2,2,0,0
25/11/06,Milan,Messina,1,0,H,1,0,H,G. Gava,28,10,12,3,8,20,10,2,0,5,0,0
26/11/06,Atalanta,Torino,1,2,A,0,0,D,P. Dondarini,9,5,6,2,17,17,8,4,1,1,0,0
26/11/06,Catania,Parma,2,0,H,0,0,D,M. Bergonzi,9,6,5,3,23,17,8,3,1,2,0,1
26/11/06,Empoli,Cagliari,1,0,H,1,0,H,L. Marelli,11,11,4,5,28,17,6,7,1,0,0,0
26/11/06,Lazio,Ascoli,3,1,H,2,1,H,G. Paparesta,9,10,9,4,23,16,3,9,2,2,0,0
26/11/06,Palermo,Inter,1,2,A,1,1,D,R. Rosetti,10,15,3,8,21,16,6,4,1,1,0,0
26/11/06,Reggina,Livorno,2,2,D,0,2,A,A. Giannoccaro,9,7,6,4,22,16,10,3,2,1,0,1
26/11/06,Sampdoria,Roma,2,4,A,1,3,A,N. Ayroldi,11,14,4,9,23,17,7,6,3,2,0,0
26/11/06,Siena,Fiorentina,1,1,D,1,1,D,M. Saccani,13,10,6,5,23,28,6,4,4,3,0,0
02/12/06,Inter,Siena,2,0,H,1,0,H,A. De Marco,5,6,4,3,20,16,4,7,2,4,0,0
02/12/06,Roma,Atalanta,2,1,H,0,1,A,O. Pantana,10,11,5,4,21,16,5,2,2,2,0,1
03/12/06,Ascoli,Catania,2,2,D,2,0,H,T. Pieri,11,7,4,4,31,15,5,4,4,3,0,0
03/12/06,Cagliari,Milan,2,2,D,0,0,D,C. Brighi,11,11,5,5,12,22,5,5,2,0,0,1
03/12/06,Fiorentina,Lazio,1,0,H,1,0,H,N. Rizzoli,9,9,5,5,24,16,6,2,2,2,0,0
03/12/06,Livorno,Chievo,0,2,A,0,0,D,P. Tagliavento,7,13,2,8,13,24,3,7,1,1,0,0
03/12/06,Messina,Sampdoria,0,2,A,0,1,A,E. Morganti,10,9,5,4,18,17,5,5,2,4,1,0
03/12/06,Parma,Palermo,0,0,D,0,0,D,D. Messina,12,7,5,3,20,8,3,6,1,0,0,0
03/12/06,Torino,Empoli,1,0,H,0,0,D,D. Celi,12,5,7,3,15,22,4,3,2,1,0,0
03/12/06,Udinese,Reggina,1,1,D,0,1,A,P. Bertini,21,3,9,1,21,29,12,1,1,3,0,1
09/12/06,Palermo,Livorno,3,0,H,2,0,H,G. Rocchi,15,9,9,3,17,14,4,7,1,4,0,0
09/12/06,Reggina,Ascoli,2,1,H,1,0,H,D. Messina,11,7,5,4,28,29,8,3,2,2,0,0
10/12/06,Atalanta,Messina,3,2,H,1,0,H,S. Farina,14,13,9,5,15,32,5,3,2,3,0,0
10/12/06,Cagliari,Parma,0,0,D,0,0,D,M. Ciampi,9,11,4,3,7,21,5,2,1,5,0,0
10/12/06,Catania,Udinese,1,0,H,0,0,D,A. De Marco,8,14,3,7,18,21,4,8,1,2,0,0
10/12/06,Chievo,Fiorentina,0,1,A,0,0,D,G. Paparesta,6,12,4,5,20,18,2,3,3,1,0,0
10/12/06,Empoli,Inter,0,3,A,0,0,D,N. Ayroldi,7,12,2,6,17,15,2,2,2,3,0,0
10/12/06,Lazio,Roma,3,0,H,1,0,H,R. Rosetti,13,13,6,5,24,21,3,5,5,2,0,0
10/12/06,Milan,Torino,0,0,D,0,0,D,O. Girardi,14,9,4,3,21,19,7,3,1,2,0,0
10/12/06,Sampdoria,Siena,0,0,D,0,0,D,F. Squillace,15,6,4,0,22,38,9,0,2,4,0,1
16/12/06,Fiorentina,Milan,2,2,D,1,1,D,M. Saccani,12,8,6,3,25,23,5,5,2,4,0,0
16/12/06,Udinese,Cagliari,3,1,H,2,0,H,R. Herberg,10,12,6,5,17,16,4,11,4,1,1,0
17/12/06,Ascoli,Torino,0,2,A,0,0,D,M. Trefoloni,7,9,1,5,26,20,4,2,1,2,1,1
17/12/06,Inter,Messina,2,0,H,0,0,D,N. Stefanini,22,12,11,5,12,13,11,2,2,2,0,0
17/12/06,Livorno,Lazio,1,1,D,0,1,A,O. Pantana,8,5,4,2,30,17,2,3,4,4,0,1
17/12/06,Parma,Chievo,2,2,D,1,1,D,E. Morganti,12,11,8,7,18,19,2,6,4,4,0,0
17/12/06,Reggina,Sampdoria,0,1,A,0,0,D,C. Brighi,11,8,4,3,20,26,9,6,4,2,0,0
17/12/06,Roma,Palermo,4,0,H,1,0,H,N. Rizzoli,24,11,12,3,18,17,6,4,2,2,0,1
17/12/06,Siena,Atalanta,1,1,D,0,1,A,D. Orsato,13,12,9,4,17,14,6,3,1,3,1,0
20/12/06,Atalanta,Udinese,1,2,A,0,0,D,N. Pierpaoli,13,10,7,4,27,17,2,2,4,1,0,1
20/12/06,Cagliari,Fiorentina,0,2,A,0,1,A,O. Girardi,5,10,1,7,22,18,3,3,1,3,0,0
20/12/06,Chievo,Reggina,3,2,H,2,1,H,S. Farina,11,6,5,3,25,23,4,1,1,4,0,0
20/12/06,Empoli,Siena,1,0,H,0,0,D,A. Romeo,12,12,7,6,17,18,6,4,2,3,0,0
20/12/06,Lazio,Inter,0,2,A,0,1,A,G. Rocchi,13,9,4,4,18,19,3,4,4,2,0,1
20/12/06,Messina,Parma,1,1,D,0,0,D,A. Giannoccaro,10,14,3,9,14,22,9,4,2,2,0,0
20/12/06,Milan,Catania,3,0,H,1,0,H,P. Dondarini,18,9,6,6,17,10,7,2,2,0,0,0
20/12/06,Palermo,Ascoli,4,0,H,1,0,H,G. Gava,13,12,6,4,19,18,6,4,1,1,0,0
20/12/06,Sampdoria,Livorno,4,1,H,2,1,H,L. Palanca,15,1,8,1,13,12,2,3,1,3,0,0
20/12/06,Torino,Roma,1,2,A,0,1,A,G. Paparesta,8,12,6,8,18,14,2,6,2,2,1,0
23/12/06,Ascoli,Chievo,3,0,H,3,0,H,A. De Marco,10,4,7,2,17,27,2,1,2,2,0,1
23/12/06,Catania,Sampdoria,4,2,H,3,2,H,P. Mazzoleni,7,9,6,4,18,24,2,5,2,2,0,0
23/12/06,Fiorentina,Messina,4,0,H,3,0,H,M. Bergonzi,16,4,7,3,8,15,5,3,2,1,0,1
23/12/06,Inter,Atalanta,2,1,H,0,1,A,P. Bertini,9,10,5,6,17,19,6,5,2,3,0,0
23/12/06,Livorno,Torino,1,1,D,0,1,A,A. Giannoccaro,9,12,4,4,18,19,7,4,3,4,0,1
23/12/06,Parma,Lazio,1,3,A,1,3,A,M. Saccani,9,12,5,7,35,18,9,6,2,1,0,1
23/12/06,Reggina,Empoli,4,1,H,4,0,H,M. Trefoloni,11,9,6,5,15,11,6,10,3,2,0,0
23/12/06,Roma,Cagliari,2,0,H,1,0,H,P. Tagliavento,13,7,5,0,17,15,9,3,1,2,0,0
23/12/06,Siena,Palermo,1,1,D,1,1,D,S. Farina,10,9,3,4,22,16,2,2,2,1,0,0
23/12/06,Udinese,Milan,0,3,A,0,2,A,N. Rizzoli,13,7,6,3,9,18,5,3,2,2,0,0
13/01/07,Empoli,Parma,2,0,H,1,0,H,L. Palanca,8,5,4,2,20,24,5,5,1,2,0,1
13/01/07,Torino,Inter,1,3,A,0,1,A,M. Saccani,5,11,4,8,17,11,1,3,3,2,1,0
14/01/07,Atalanta,Livorno,5,1,H,2,0,H,L. Marelli,13,8,9,3,15,19,2,2,0,2,0,1
14/01/07,Cagliari,Ascoli,1,0,H,1,0,H,N. Rizzoli,14,7,8,4,17,23,3,7,0,2,0,0
14/01/07,Chievo,Catania,2,1,H,0,1,A,D. Messina,13,7,8,4,31,23,5,3,1,5,0,0
14/01/07,Lazio,Siena,1,1,D,0,0,D,G. Gava,11,16,5,6,14,25,6,8,0,2,0,0
14/01/07,Messina,Roma,1,1,D,0,1,A,G. Rocchi,8,11,3,6,14,23,5,4,2,3,1,0
14/01/07,Milan,Reggina,3,1,H,2,0,H,N. Ayroldi,9,10,6,6,18,10,5,4,0,0,0,0
14/01/07,Palermo,Udinese,2,0,H,1,0,H,E. Morganti,12,17,5,8,17,13,2,9,0,1,0,0
14/01/07,Sampdoria,Fiorentina,0,0,D,0,0,D,G. Paparesta,13,3,5,2,24,22,6,3,1,3,0,0
20/01/07,Ascoli,Atalanta,1,3,A,0,0,D,S. Farina,8,9,3,5,17,19,6,6,3,1,0,0
20/01/07,Reggina,Palermo,0,0,D,0,0,D,P. Bertini,5,7,1,3,19,23,2,4,4,2,0,0
21/01/07,Catania,Cagliari,0,1,A,0,1,A,R. Rosetti,9,6,5,4,17,23,12,1,4,3,0,0
21/01/07,Empoli,Sampdoria,2,0,H,0,0,D,L. Marelli,16,10,6,5,22,29,9,10,2,3,0,0
21/01/07,Inter,Fiorentina,3,1,H,2,1,H,E. Morganti,9,8,5,4,19,16,7,3,2,2,0,0
21/01/07,Lazio,Milan,0,0,D,0,0,D,M. Saccani,9,9,5,5,17,16,3,3,1,1,0,0
21/01/07,Livorno,Roma,1,1,D,1,0,H,N. Ayroldi,3,15,1,7,24,13,1,10,4,2,0,1
21/01/07,Parma,Torino,1,0,H,0,0,D,P. Mazzoleni,13,5,2,3,24,24,7,3,3,3,0,0
21/01/07,Siena,Chievo,2,1,H,0,1,A,A. Giannoccaro,11,11,7,6,16,15,9,4,1,2,0,0
21/01/07,Udinese,Messina,1,0,H,0,0,D,M. Ciampi,17,6,9,0,16,18,10,0,2,2,0,0
24/01/07,Catania,Empoli,2,1,H,0,0,D,M. Bergonzi,12,9,5,3,18,29,5,5,2,3,0,0
27/01/07,Palermo,Lazio,0,3,A,0,1,A,P. Dondarini,11,15,3,8,15,21,5,6,2,2,0,0
27/01/07,Torino,Udinese,2,3,A,0,2,A,C. Brighi,14,13,5,6,18,12,4,2,1,0,1,0
28/01/07,Atalanta,Catania,1,1,D,1,0,H,A. Romeo,15,6,11,1,18,19,10,2,2,3,0,0
28/01/07,Cagliari,Reggina,0,2,A,0,0,D,A. De Marco,6,9,3,5,26,19,2,5,2,3,0,0
28/01/07,Chievo,Empoli,0,0,D,0,0,D,A. Damato,8,5,3,2,28,18,8,2,3,2,0,0
28/01/07,Fiorentina,Livorno,2,1,H,0,1,A,P. Bertini,23,10,10,6,21,25,4,1,2,2,0,0
28/01/07,Messina,Ascoli,1,2,A,0,0,D,P. Tagliavento,8,10,3,7,21,21,3,8,1,6,0,1
28/01/07,Milan,Parma,1,0,H,0,0,D,G. Gava,9,3,5,2,11,21,6,0,0,2,0,0
28/01/07,Roma,Siena,1,0,H,0,0,D,A. Giannoccaro,16,5,6,4,20,26,5,8,2,2,0,1
28/01/07,Sampdoria,Inter,0,2,A,0,1,A,N. Rizzoli,6,13,1,5,11,16,6,5,3,3,1,0
02/02/07,Catania,Palermo,1,2,A,0,0,D,S. Farina,11,13,7,6,18,31,10,4,3,2,0,0
11/02/07,Atalanta,Lazio,0,0,D,0,0,D,E. Morganti,8,8,3,5,17,15,3,3,1,1,0,0
11/02/07,Cagliari,Siena,2,2,D,1,1,D,M. Bergonzi,8,8,3,5,20,26,3,3,0,2,0,0
11/02/07,Chievo,Inter,0,2,A,0,1,A,D. Messina,14,9,4,4,17,14,7,2,2,1,0,0
11/02/07,Fiorentina,Udinese,2,0,H,2,0,H,N. Ayroldi,16,14,7,7,22,13,5,7,3,1,0,0
11/02/07,Messina,Catania,1,1,D,1,0,H,G. Paparesta,4,7,2,2,24,15,5,7,2,1,0,0
11/02/07,Milan,Livorno,2,1,H,1,1,D,R. Rosetti,23,10,13,5,13,15,15,6,0,0,0,0
11/02/07,Palermo,Empoli,0,1,A,0,0,D,O. Girardi,11,12,5,4,21,17,9,3,2,2,0,0
11/02/07,Roma,Parma,3,0,H,0,0,D,M. Trefoloni,20,7,10,2,13,21,6,2,1,3,0,1
11/02/07,Sampdoria,Ascoli,2,0,H,0,0,D,P. Bertini,17,9,7,2,15,13,9,8,2,4,0,1
11/02/07,Torino,Reggina,1,2,A,0,0,D,G. Rocchi,17,4,9,3,22,24,4,9,1,3,0,0
17/02/07,Empoli,Roma,1,0,H,1,0,H,P. Dondarini,10,9,4,5,18,19,4,9,2,1,1,0
17/02/07,Inter,Cagliari,1,0,H,1,0,H,M. Trefoloni,11,3,5,1,18,10,8,2,2,2,0,0
17/02/07,Siena,Milan,3,4,A,2,2,D,D. Messina,10,12,4,4,18,18,4,5,4,2,0,1
18/02/07,Ascoli,Udinese,2,2,D,0,2,A,A. De Marco,13,6,7,4,29,14,4,1,3,2,0,0
18/02/07,Catania,Fiorentina,0,1,A,0,0,D,A. Giannoccaro,3,17,1,8,17,21,2,4,1,1,1,0
18/02/07,Lazio,Torino,2,0,H,1,0,H,N. Rizzoli,16,10,10,5,21,14,6,5,1,0,0,0
18/02/07,Livorno,Messina,2,1,H,1,0,H,S. Farina,14,9,7,4,20,18,6,9,1,3,0,0
18/02/07,Palermo,Chievo,1,1,D,1,1,D,N. Stefanini,5,8,3,2,22,16,2,1,6,2,0,0
18/02/07,Parma,Sampdoria,0,1,A,0,0,D,C. Brighi,11,11,4,4,27,12,6,4,2,2,0,0
18/02/07,Reggina,Atalanta,1,1,D,0,0,D,M. Bergonzi,6,10,3,6,24,19,5,7,4,4,0,1
24/02/07,Atalanta,Palermo,1,1,D,1,0,H,R. Rosetti,7,8,2,2,13,13,5,10,2,1,0,0
24/02/07,Chievo,Torino,3,0,H,2,0,H,M. Saccani,10,5,5,4,15,23,2,3,4,3,0,0
25/02/07,Cagliari,Lazio,0,2,A,0,2,A,D. Messina,7,8,2,4,19,18,5,3,1,2,1,0
25/02/07,Catania,Inter,2,5,A,0,1,A,P. Bertini,5,20,4,10,13,22,2,6,1,1,1,0
25/02/07,Fiorentina,Empoli,2,0,H,1,0,H,G. Paparesta,17,5,7,3,23,17,5,6,2,2,0,0
25/02/07,Livorno,Ascoli,0,0,D,0,0,D,O. Girardi,13,7,6,3,16,18,3,7,2,4,0,0
25/02/07,Messina,Siena,1,0,H,0,0,D,O. Pantana,9,15,2,5,19,22,4,4,4,1,0,0
25/02/07,Milan,Sampdoria,1,0,H,0,0,D,N. Ayroldi,14,9,4,4,15,15,7,7,1,2,1,1
25/02/07,Roma,Reggina,3,0,H,0,0,D,P. Tagliavento,17,5,9,3,21,24,7,6,3,3,0,0
25/02/07,Udinese,Parma,3,3,D,1,1,D,T. Pieri,9,8,5,4,17,23,8,2,1,1,0,0
28/02/07,Ascoli,Parma,0,0,D,0,0,D,G. Paparesta,8,10,1,6,19,23,7,6,2,1,1,0
28/02/07,Chievo,Roma,2,2,D,2,1,H,P. Bertini,8,11,5,4,17,20,8,2,3,4,0,0
28/02/07,Empoli,Messina,3,1,H,2,0,H,A. De Marco,12,4,6,3,11,13,5,5,1,2,0,1
28/02/07,Inter,Udinese,1,1,D,0,0,D,M. Bergonzi,14,5,7,1,15,13,9,2,2,2,0,0
28/02/07,Lazio,Catania,3,1,H,0,1,A,G. Rocchi,16,7,6,3,20,22,10,6,2,4,0,0
28/02/07,Palermo,Milan,0,0,D,0,0,D,M. Trefoloni,11,11,3,6,22,16,2,1,3,2,0,0
28/02/07,Reggina,Fiorentina,1,1,D,0,0,D,N. Rizzoli,9,12,5,7,25,26,4,3,4,3,0,0
28/02/07,Sampdoria,Atalanta,2,1,H,0,1,A,D. Orsato,15,10,5,6,19,25,9,2,2,2,0,0
28/02/07,Siena,Livorno,0,0,D,0,0,D,P. Dondarini,18,10,6,2,15,8,10,1,1,2,0,0
28/02/07,Torino,Cagliari,1,0,H,1,0,H,S. Farina,9,6,4,5,35,21,4,10,2,3,1,0
03/03/07,Ascoli,Roma,1,1,D,1,0,H,M. Saccani,5,19,1,9,23,15,9,15,5,1,0,0
03/03/07,Livorno,Inter,1,2,A,1,1,D,E. Morganti,7,14,3,8,12,20,6,5,1,3,0,1
03/03/07,Milan,Chievo,3,1,H,1,1,D,P. Tagliavento,12,8,6,2,18,16,7,4,2,0,0,0
04/03/07,Cagliari,Atalanta,2,0,H,1,0,H,L. Palanca,11,11,5,3,16,23,3,4,2,3,0,1
04/03/07,Catania,Siena,1,1,D,0,0,D,G. Gava,4,10,1,5,14,15,8,3,3,1,0,0
04/03/07,Fiorentina,Torino,5,1,H,2,1,H,M. Bergonzi,19,6,11,3,18,17,5,5,2,4,0,0
04/03/07,Lazio,Sampdoria,1,0,H,1,0,H,O. Girardi,10,14,4,4,13,20,5,8,2,0,0,0
04/03/07,Messina,Palermo,2,0,H,1,0,H,N. Ayroldi,13,13,5,5,24,10,5,6,0,2,0,1
04/03/07,Parma,Reggina,2,2,D,1,2,A,S. Farina,20,10,11,7,16,16,5,4,3,3,0,0
04/03/07,Udinese,Empoli,0,1,A,0,1,A,C. Brighi,21,4,8,3,18,25,12,1,3,1,0,0
10/03/07,Sampdoria,Cagliari,1,1,D,1,0,H,L. Banti,12,15,5,7,15,16,0,8,4,1,0,0
11/03/07,Atalanta,Parma,1,1,D,0,0,D,A. Giannoccaro,13,14,6,11,21,23,4,6,2,3,0,0
11/03/07,Chievo,Messina,1,1,D,0,0,D,T. Pieri,15,2,6,1,16,17,7,3,4,3,0,1
11/03/07,Empoli,Livorno,2,2,D,2,0,H,M. Trefoloni,13,7,3,4,27,18,5,3,3,2,0,1
11/03/07,Inter,Milan,2,1,H,0,1,A,N. Rizzoli,12,8,5,3,17,15,6,7,3,1,0,0
11/03/07,Palermo,Fiorentina,1,1,D,0,1,A,D. Messina,8,8,2,4,19,15,6,4,1,2,1,0
11/03/07,Reggina,Lazio,2,3,A,1,2,A,M. Saccani,12,20,6,9,20,25,4,7,4,3,0,0
11/03/07,Roma,Udinese,3,1,H,2,0,H,P. Mazzoleni,14,15,7,5,11,17,8,8,0,2,0,0
11/03/07,Siena,Ascoli,0,1,A,0,1,A,G. Rocchi,17,13,12,5,18,22,11,3,3,2,0,0
11/03/07,Torino,Catania,1,0,H,0,0,D,G. Paparesta,7,8,4,3,26,17,7,9,2,1,0,0
17/03/07,Sampdoria,Palermo,1,1,D,0,0,D,E. Morganti,8,6,2,2,20,23,7,2,1,2,1,0
18/03/07,Ascoli,Inter,1,2,A,0,0,D,R. Rosetti,11,13,6,3,18,20,3,7,4,5,0,0
18/03/07,Cagliari,Chievo,0,2,A,0,0,D,G. Rocchi,10,13,5,6,16,20,5,1,0,2,0,0
18/03/07,Catania,Reggina,1,4,A,0,0,D,O. Girardi,14,14,8,7,14,19,6,6,3,2,0,0
18/03/07,Fiorentina,Roma,0,0,D,0,0,D,G. Paparesta,8,21,5,11,31,22,3,7,1,2,1,0
18/03/07,Lazio,Empoli,3,1,H,2,0,H,A. Giannoccaro,6,10,4,3,25,22,0,4,1,2,0,0
18/03/07,Messina,Torino,0,3,A,0,1,A,P. Bertini,6,17,3,7,20,18,8,4,1,1,0,0
18/03/07,Milan,Atalanta,1,0,H,1,0,H,M. Saccani,10,7,5,2,12,14,6,1,2,3,0,0
18/03/07,Parma,Siena,1,0,H,1,0,H,P. Tagliavento,10,11,7,4,24,21,2,5,3,1,0,1
18/03/07,Udinese,Livorno,4,0,H,2,0,H,D. Celi,14,5,7,2,12,17,4,5,3,2,0,0
31/03/07,Reggina,Siena,0,1,A,0,1,A,E. Morganti,9,9,3,4,15,18,10,1,0,5,1,1
31/03/07,Roma,Milan,1,1,D,1,0,H,D. Messina,14,8,7,2,16,20,9,4,3,2,0,0
01/04/07,Atalanta,Fiorentina,2,2,D,1,2,A,R. Rosetti,15,11,8,6,15,17,9,6,3,2,0,0
01/04/07,Cagliari,Messina,2,0,H,2,0,H,M. Bergonzi,10,5,6,1,21,23,1,2,1,3,0,1
01/04/07,Chievo,Sampdoria,1,1,D,1,1,D,N. Ayroldi,6,5,2,2,24,24,3,3,0,1,0,0
01/04/07,Empoli,Ascoli,4,1,H,1,0,H,P. Tagliavento,15,8,6,4,22,34,8,5,1,4,0,1
01/04/07,Inter,Parma,2,0,H,0,0,D,S. Farina,18,12,9,7,11,12,5,3,2,3,0,0
01/04/07,Livorno,Catania,4,1,H,2,1,H,A. Romeo,15,8,6,5,14,21,7,2,1,4,0,1
01/04/07,Torino,Palermo,0,0,D,0,0,D,N. Rizzoli,12,8,6,5,12,21,4,2,1,3,0,0
01/04/07,Udinese,Lazio,2,4,A,0,1,A,G. Paparesta,11,10,5,7,13,13,14,2,4,2,1,0
07/04/07,Atalanta,Chievo,1,0,H,0,0,D,L. Banti,7,11,3,5,12,19,6,5,2,1,1,2
07/04/07,Catania,Roma,0,2,A,0,1,A,T. Pieri,10,10,3,7,18,17,5,3,4,3,0,0
07/04/07,Fiorentina,Ascoli,4,0,H,2,0,H,A. De Marco,18,10,10,4,18,17,8,3,1,2,0,0
07/04/07,Lazio,Messina,1,0,H,1,0,H,O. Girardi,13,2,5,0,22,21,7,1,2,1,0,1
07/04/07,Milan,Empoli,3,1,H,2,1,H,M. Trefoloni,11,4,6,2,18,14,6,3,2,2,0,0
07/04/07,Palermo,Cagliari,1,3,A,1,1,D,M. Saccani,7,13,3,10,21,22,4,5,4,2,1,0
07/04/07,Parma,Livorno,1,0,H,0,0,D,P. Dondarini,8,6,3,2,16,22,6,5,2,0,0,1
07/04/07,Reggina,Inter,0,0,D,0,0,D,P. Bertini,8,11,4,6,22,17,5,7,1,2,0,0
07/04/07,Sampdoria,Torino,1,0,H,1,0,H,O. Pantana,11,4,4,0,31,26,5,2,1,2,0,1
07/04/07,Siena,Udinese,2,2,D,0,1,A,M. Ciampi,6,3,4,2,11,10,4,6,0,2,0,0
14/04/07,Cagliari,Empoli,0,0,D,0,0,D,A. Giannoccaro,7,7,3,1,13,25,6,2,1,2,0,0
14/04/07,Udinese,Chievo,2,1,H,1,1,D,N. Stefanini,10,7,5,3,23,17,3,7,2,0,1,1
15/04/07,Ascoli,Lazio,2,2,D,0,0,D,C. Brighi,16,14,10,8,29,15,1,6,3,3,0,1
15/04/07,Fiorentina,Siena,1,0,H,1,0,H,S. Farina,13,9,7,3,20,28,9,5,1,3,1,0
15/04/07,Inter,Palermo,2,2,D,0,2,A,N. Rizzoli,20,10,10,7,16,19,10,4,1,3,0,0
15/04/07,Livorno,Reggina,1,1,D,1,1,D,M. Saccani,10,6,6,1,16,13,5,1,2,1,0,0
15/04/07,Messina,Milan,1,3,A,0,2,A,R. Rosetti,16,10,11,4,15,17,5,5,5,3,0,0
15/04/07,Parma,Catania,1,1,D,1,1,D,N. Ayroldi,10,6,5,4,16,17,3,1,1,2,0,0
15/04/07,Roma,Sampdoria,4,0,H,1,0,H,E. Morganti,21,8,13,2,14,16,9,6,1,2,0,0
15/04/07,Torino,Atalanta,1,2,A,0,2,A,G. Gava,12,5,6,4,21,19,6,1,3,2,0,1
18/04/07,Ascoli,Milan,2,5,A,2,4,A,N. Ayroldi,5,8,3,5,20,17,8,7,5,2,0,0
18/04/07,Empoli,Atalanta,2,0,H,1,0,H,R. Herberg,20,6,10,3,10,11,4,4,1,0,0,1
18/04/07,Inter,Roma,1,3,A,0,1,A,M. Trefoloni,17,16,6,8,18,12,2,1,4,4,0,0
18/04/07,Lazio,Chievo,0,0,D,0,0,D,M. Bergonzi,6,1,3,0,16,18,5,1,1,4,2,1
18/04/07,Livorno,Cagliari,2,1,H,1,0,H,G. Gava,9,8,6,3,17,18,5,4,4,3,0,0
18/04/07,Parma,Fiorentina,2,0,H,1,0,H,A. Giannoccaro,8,8,5,6,17,22,0,7,3,3,0,0
18/04/07,Reggina,Messina,3,1,H,1,1,D,N. Rizzoli,11,6,8,2,16,22,2,2,1,5,0,1
18/04/07,Siena,Torino,1,0,H,0,0,D,A. Romeo,11,7,5,3,11,10,10,1,4,2,0,0
18/04/07,Udinese,Sampdoria,1,0,H,0,0,D,A. Damato,12,9,5,4,12,14,6,10,4,4,0,0
21/04/07,Milan,Cagliari,3,1,H,1,0,H,M. Bergonzi,14,5,8,3,24,13,7,4,0,3,1,0
21/04/07,Sampdoria,Messina,3,1,H,1,0,H,L. Banti,15,10,9,4,16,18,11,2,4,4,0,0
22/04/07,Atalanta,Roma,2,1,H,2,0,H,R. Rosetti,13,17,8,10,23,22,1,0,3,4,0,1
22/04/07,Chievo,Livorno,2,1,H,0,1,A,A. De Marco,12,13,6,9,16,24,10,6,3,5,0,0
22/04/07,Empoli,Torino,0,0,D,0,0,D,P. Dondarini,11,9,3,6,14,18,9,1,2,2,0,0
22/04/07,Lazio,Fiorentina,0,1,A,0,0,D,M. Saccani,15,8,7,2,19,28,10,2,2,5,0,0
22/04/07,Palermo,Parma,3,4,A,2,1,H,G. Rocchi,14,13,5,7,14,17,6,4,4,2,1,0
22/04/07,Reggina,Udinese,1,1,D,0,1,A,P. Tagliavento,4,12,1,4,10,28,4,5,2,3,0,0
22/04/07,Siena,Inter,1,2,A,1,1,D,N. Ayroldi,7,10,4,7,18,16,6,7,2,2,0,0
28/04/07,Fiorentina,Chievo,1,0,H,0,0,D,L. Banti,10,2,2,1,16,18,5,1,0,1,0,0
28/04/07,Torino,Milan,0,1,A,0,1,A,D. Messina,7,13,3,4,18,13,4,4,0,2,1,0
29/04/07,Ascoli,Reggina,2,3,A,1,2,A,G. Rocchi,10,9,4,8,35,16,5,2,5,2,1,0
29/04/07,Inter,Empoli,3,1,H,1,0,H,A. Damato,12,12,8,6,13,13,6,4,1,0,0,0
29/04/07,Livorno,Palermo,1,2,A,0,0,D,A. Giannoccaro,8,7,5,3,20,19,4,0,1,2,0,0
29/04/07,Messina,Atalanta,0,0,D,0,0,D,N. Stefanini,3,18,0,3,18,17,5,8,3,1,0,0
29/04/07,Parma,Cagliari,2,1,H,1,0,H,S. Farina,6,5,5,3,21,16,2,9,2,3,0,1
29/04/07,Roma,Lazio,0,0,D,0,0,D,N. Rizzoli,14,5,7,0,19,19,5,2,3,4,0,0
29/04/07,Siena,Sampdoria,0,2,A,0,1,A,C. Brighi,13,10,6,7,16,21,7,5,4,2,0,0
29/04/07,Udinese,Catania,0,1,A,0,0,D,L. Marelli,8,11,3,2,17,12,3,3,2,3,3,0
02/05/07,Catania,Ascoli,3,3,D,1,1,D,D. Messina,20,11,11,6,16,22,6,5,3,1,0,0
06/05/07,Atalanta,Siena,3,1,H,1,0,H,G. Rocchi,10,14,6,5,14,21,2,7,3,3,0,2
06/05/07,Cagliari,Udinese,2,1,H,0,1,A,M. Trefoloni,11,3,5,1,19,26,6,0,2,4,0,1
06/05/07,Chievo,Parma,1,0,H,1,0,H,N. Rizzoli,12,8,5,3,25,22,4,3,2,2,0,0
06/05/07,Empoli,Catania,2,1,H,2,1,H,O. Girardi,9,5,4,3,19,17,4,8,3,2,0,0
06/05/07,Lazio,Livorno,1,0,H,1,0,H,P. Dondarini,11,4,5,2,16,21,11,7,1,2,0,0
06/05/07,Messina,Inter,0,1,A,0,0,D,D. Celi,10,9,4,3,9,10,7,5,1,4,0,0
06/05/07,Milan,Fiorentina,0,0,D,0,0,D,R. Rosetti,12,13,5,1,14,21,0,4,0,4,0,0
06/05/07,Palermo,Roma,1,2,A,0,2,A,P. Tagliavento,16,14,9,7,18,17,7,5,2,2,0,0
06/05/07,Sampdoria,Reggina,0,0,D,0,0,D,N. Ayroldi,17,7,6,4,29,22,5,3,0,2,0,0
06/05/07,Torino,Ascoli,1,0,H,1,0,H,S. Farina,15,4,4,1,24,30,4,3,2,3,0,0
13/05/07,Ascoli,Palermo,3,2,H,1,2,A,P. Mazzoleni,13,6,7,4,18,22,3,6,2,1,0,1
13/05/07,Catania,Milan,1,1,D,0,1,A,M. Saccani,11,18,4,9,19,15,8,2,2,3,0,0
13/05/07,Fiorentina,Cagliari,1,0,H,1,0,H,A. Giannoccaro,8,12,5,4,17,16,10,7,2,3,0,0
13/05/07,Inter,Lazio,4,3,H,2,3,A,L. Banti,10,13,6,7,13,11,9,2,2,2,0,1
13/05/07,Livorno,Sampdoria,1,0,H,0,0,D,N. Rizzoli,13,3,5,2,18,16,9,2,3,1,0,0
13/05/07,Parma,Messina,4,1,H,4,0,H,G. Gava,12,5,7,4,7,12,4,4,1,3,0,0
13/05/07,Reggina,Chievo,1,1,D,0,0,D,D. Messina,4,13,2,5,13,23,4,6,3,2,0,0
13/05/07,Roma,Torino,0,1,A,0,1,A,G. Rocchi,18,7,7,2,11,21,15,4,1,5,0,0
13/05/07,Siena,Empoli,2,0,H,1,0,H,E. Morganti,13,2,6,2,19,18,5,2,3,1,0,1
13/05/07,Udinese,Atalanta,2,3,A,1,1,D,N. Pierpaoli,11,12,6,7,21,16,8,4,2,3,0,0
19/05/07,Milan,Udinese,2,3,A,1,1,D,A. Giannoccaro,20,17,7,9,12,10,3,3,2,1,0,0
20/05/07,Atalanta,Inter,1,1,D,1,0,H,A. Romeo,12,8,6,4,16,11,11,6,4,0,0,0
20/05/07,Cagliari,Roma,3,2,H,2,1,H,C. Brighi,11,14,6,7,14,15,3,4,1,2,0,0
20/05/07,Chievo,Ascoli,1,0,H,1,0,H,L. Palanca,15,4,7,2,14,16,3,2,1,1,0,0
20/05/07,Empoli,Reggina,3,3,D,3,0,H,S. Farina,14,9,7,6,33,24,0,4,4,4,0,0
20/05/07,Lazio,Parma,0,0,D,0,0,D,A. De Marco,4,8,3,2,15,19,4,2,2,0,0,0
20/05/07,Messina,Fiorentina,2,2,D,0,1,A,M. Velotto,4,17,3,11,20,10,2,6,3,1,0,0
20/05/07,Palermo,Siena,2,1,H,2,0,H,P. Dondarini,10,11,5,5,23,19,3,4,2,1,0,0
20/05/07,Sampdoria,Catania,1,0,H,0,0,D,N. Stefanini,15,10,8,6,25,24,3,6,2,3,0,1
20/05/07,Torino,Livorno,0,0,D,0,0,D,M. Saccani,10,6,4,4,17,10,2,5,0,0,0,0
27/05/07,Ascoli,Cagliari,2,1,H,1,1,D,R. Herberg,9,10,5,3,28,16,4,8,1,1,1,1
27/05/07,Catania,Chievo,2,0,H,0,0,D,N. Rizzoli,7,12,5,2,20,15,4,5,3,2,0,0
27/05/07,Fiorentina,Sampdoria,5,1,H,2,1,H,G. Lops,14,6,9,3,16,18,4,3,2,3,0,0
27/05/07,Inter,Torino,3,0,H,1,0,H,D. Orsato,10,9,7,3,9,12,7,1,1,2,0,0
27/05/07,Livorno,Atalanta,4,2,H,1,0,H,D. Celi,17,18,10,8,19,13,3,3,2,0,0,0
27/05/07,Parma,Empoli,3,1,H,2,1,H,P. Tagliavento,18,10,12,5,16,14,3,2,3,4,0,0
27/05/07,Reggina,Milan,2,0,H,1,0,H,G. Rocchi,12,15,3,5,11,15,3,5,1,1,0,0
27/05/07,Roma,Messina,4,3,H,2,1,H,N. Pierpaoli,19,14,7,8,14,7,7,6,0,2,0,0
27/05/07,Siena,Lazio,2,1,H,1,0,H,D. Messina,8,8,4,3,25,14,2,4,0,2,0,0
27/05/07,Udinese,Palermo,1,2,A,1,1,D,D. Salati,18,18,9,9,17,16,5,6,1,4,0,0
