Date,HomeTeam,AwayTeam,FTHG,FTAG,FTR,HTHG,HTAG,HTR,Referee,HS,AS,HST,AST,HF,AF,HC,AC,HY,AY,HR,AR
11/08/23,Burnley,Man City,0,3,A,0,2,A,C Pawson,6,17,1,8,11,8,6,5,0,0,1,0
12/08/23,Arsenal,Nott'm Forest,2,1,H,2,0,H,M Oliver,15,6,7,2,12,12,8,3,2,2,0,0
12/08/23,Bournemouth,West Ham,1,1,D,0,0,D,P Bankes,14,16,5,3,9,14,10,4,1,4,0,0
12/08/23,Brighton,Luton,4,1,H,1,0,H,D Coote,27,9,12,3,11,12,6,7,2,2,0,0
12/08/23,Everton,Fulham,0,1,A,0,0,D,S Attwell,19,9,9,2,12,6,10,4,0,2,0,0
12/08/23,Sheffield United,Crystal Palace,0,1,A,0,0,D,J Brooks,8,24,1,8,18,11,5,5,3,0,0,0
12/08/23,Newcastle,Aston Villa,5,1,H,2,1,H,A Madley,17,16,13,6,12,17,6,5,4,4,0,0
13/08/23,Brentford,Tottenham,2,2,D,2,2,D,R Jones,11,18,6,6,12,13,3,6,1,4,0,0
13/08/23,Chelsea,Liverpool,1,1,D,1,1,D,A Taylor,10,13,4,1,5,12,4,4,3,3,0,0
14/08/23,Man United,Wolves,1,0,H,0,0,D,S Hooper,15,23,3,6,14,10,8,7,2,3,0,0
18/08/23,Nott'm Forest,Sheffield United,2,1,H,1,0,H,P Bankes,16,7,4,3,5,9,6,7,2,3,0,0
19/08/23,Fulham,Brentford,0,3,A,0,1,A,D Bond,10,17,2,8,13,12,5,5,2,2,1,0
19/08/23,Liverpool,Bournemouth,3,1,H,2,1,H,T Bramall,26,13,10,5,11,13,10,2,1,3,1,0
19/08/23,Wolves,Brighton,1,4,A,0,1,A,A Madley,16,16,5,8,14,11,5,3,3,6,1,0
19/08/23,Tottenham,Man United,2,0,H,0,0,D,M Oliver,17,22,6,6,9,8,5,6,1,3,0,0
19/08/23,Man City,Newcastle,1,0,H,1,0,H,R Jones,14,7,4,1,12,11,3,0,1,5,0,0
20/08/23,Aston Villa,Everton,4,0,H,2,0,H,A Taylor,13,9,7,2,8,12,7,6,3,4,0,0
20/08/23,West Ham,Chelsea,3,1,H,1,1,D,J Brooks,12,17,6,4,12,9,3,9,2,3,1,0
21/08/23,Crystal Palace,Arsenal,0,1,A,0,0,D,D Coote,14,14,2,3,14,10,1,8,2,1,0,1
25/08/23,Chelsea,Luton,3,0,H,1,0,H,R Jones,19,11,8,1,15,12,6,4,2,3,0,0
26/08/23,Bournemouth,Tottenham,0,2,A,0,1,A,T Robinson,11,17,3,6,18,11,6,2,1,3,0,0
26/08/23,Arsenal,Fulham,2,2,D,0,1,A,P Tierney,19,8,11,3,6,5,8,3,0,3,0,1
26/08/23,Brentford,Crystal Palace,1,1,D,1,0,H,P Bankes,12,15,1,5,9,15,8,6,0,0,0,0
26/08/23,Everton,Wolves,0,1,A,0,0,D,C Pawson,15,11,7,2,10,14,7,0,3,4,0,0
26/08/23,Man United,Nott'm Forest,3,2,H,1,2,A,S Attwell,18,9,9,4,13,11,11,3,4,4,0,1
26/08/23,Brighton,West Ham,1,3,A,0,1,A,A Taylor,25,12,10,3,10,9,17,4,1,3,0,0
27/08/23,Burnley,Aston Villa,1,3,A,0,2,A,M Salisbury,9,16,2,6,12,11,4,6,2,0,0,0
27/08/23,Sheffield United,Man City,1,2,A,0,0,D,J Gillett,6,30,2,9,11,2,1,12,3,0,0,0
27/08/23,Newcastle,Liverpool,1,2,A,1,0,H,J Brooks,23,9,8,4,16,10,5,9,1,2,0,1
01/09/23,Luton,West Ham,1,2,A,0,1,A,P Tierney,16,9,1,3,8,13,9,6,1,1,0,0
02/09/23,Sheffield United,Everton,2,2,D,2,1,H,A Madley,13,16,8,6,11,13,4,6,1,2,0,0
02/09/23,Brentford,Bournemouth,2,2,D,1,1,D,R Madley,21,12,7,5,6,13,5,2,1,2,0,0
02/09/23,Burnley,Tottenham,2,5,A,1,2,A,D England,16,20,4,10,15,9,7,4,4,3,0,0
02/09/23,Chelsea,Nott'm Forest,0,1,A,0,0,D,T Robinson,21,7,2,3,10,9,8,0,3,4,0,0
02/09/23,Man City,Fulham,5,1,H,2,1,H,M Oliver,7,6,5,4,12,12,4,5,2,4,0,0
02/09/23,Brighton,Newcastle,3,1,H,1,0,H,S Attwell,15,9,6,2,14,17,5,3,4,4,0,0
03/09/23,Crystal Palace,Wolves,3,2,H,0,0,D,R Jones,16,12,11,4,12,12,4,2,1,3,0,0
03/09/23,Liverpool,Aston Villa,3,0,H,2,0,H,S Hooper,17,9,4,3,12,7,7,3,0,1,0,0
03/09/23,Arsenal,Man United,3,1,H,1,1,D,A Taylor,17,10,5,2,8,7,12,3,2,3,0,0
16/09/23,Wolves,Liverpool,1,3,A,1,0,H,M Oliver,11,16,2,6,10,4,4,4,1,3,0,0
16/09/23,Aston Villa,Crystal Palace,3,1,H,0,0,D,D England,16,6,5,3,13,9,4,2,5,3,0,0
16/09/23,Fulham,Luton,1,0,H,0,0,D,M Salisbury,13,7,2,2,6,14,6,2,2,2,0,0
16/09/23,Man United,Brighton,1,3,A,0,1,A,J Gillett,14,10,4,8,8,9,8,1,2,2,0,0
16/09/23,Tottenham,Sheffield United,2,1,H,0,0,D,P Bankes,28,7,10,5,13,14,15,2,6,5,0,1
16/09/23,West Ham,Man City,1,3,A,1,0,H,A Madley,6,29,3,15,7,11,4,11,3,2,0,0
16/09/23,Newcastle,Brentford,1,0,H,0,0,D,C Pawson,9,11,2,2,8,12,8,3,3,5,0,0
17/09/23,Bournemouth,Chelsea,0,0,D,0,0,D,D Coote,13,14,4,6,15,20,1,7,1,5,0,0
17/09/23,Everton,Arsenal,0,1,A,0,0,D,S Hooper,8,13,1,4,12,10,1,11,1,1,0,0
18/09/23,Nott'm Forest,Burnley,1,1,D,0,1,A,R Jones,14,10,4,3,16,10,5,4,2,3,0,1
23/09/23,Crystal Palace,Fulham,0,0,D,0,0,D,P Tierney,7,10,3,5,10,15,3,2,3,2,0,0
23/09/23,Luton,Wolves,1,1,D,0,0,D,J Smith,20,3,4,3,12,17,10,1,0,2,0,1
23/09/23,Man City,Nott'm Forest,2,0,H,2,0,H,A Taylor,7,10,4,3,5,17,6,6,3,7,1,0
23/09/23,Brentford,Everton,1,3,A,1,1,D,M Oliver,12,18,2,6,9,12,1,4,2,2,0,0
23/09/23,Burnley,Man United,0,1,A,0,1,A,T Harrington,12,11,4,4,6,12,9,5,1,2,0,0
24/09/23,Arsenal,Tottenham,2,2,D,1,1,D,R Jones,13,13,6,5,12,19,11,4,3,4,0,0
24/09/23,Brighton,Bournemouth,3,1,H,1,1,D,J Brooks,13,12,4,4,12,17,4,4,3,3,0,0
24/09/23,Chelsea,Aston Villa,0,1,A,0,0,D,J Gillett,10,15,4,7,9,11,5,11,2,3,0,0
24/09/23,Liverpool,West Ham,3,1,H,1,1,D,C Kavanagh,22,11,7,4,12,13,7,4,0,2,0,0
24/09/23,Sheffield United,Newcastle,0,8,A,0,3,A,S Attwell,9,22,1,15,12,8,2,6,3,0,0,0
30/09/23,Aston Villa,Brighton,6,1,H,3,0,H,A Madley,19,11,9,3,19,21,1,3,4,4,0,0
30/09/23,Bournemouth,Arsenal,0,4,A,0,2,A,M Salisbury,8,15,1,8,11,10,6,6,0,1,0,0
30/09/23,Everton,Luton,1,2,A,1,2,A,A Taylor,23,9,5,2,8,10,3,6,0,1,0,0
30/09/23,Man United,Crystal Palace,0,1,A,0,1,A,C Kavanagh,19,8,4,2,10,8,10,4,3,2,0,0
30/09/23,Newcastle,Burnley,2,0,H,1,0,H,T Bramall,20,8,8,2,7,15,5,3,1,3,0,0
30/09/23,West Ham,Sheffield United,2,0,H,2,0,H,G Scott,20,16,9,2,6,9,7,4,1,1,0,0
30/09/23,Wolves,Man City,2,1,H,1,0,H,C Pawson,3,23,1,8,18,12,0,6,5,4,0,0
30/09/23,Tottenham,Liverpool,2,1,H,1,1,D,S Hooper,24,12,8,4,11,17,12,5,5,4,0,2
01/10/23,Nott'm Forest,Brentford,1,1,D,0,0,D,P Tierney,6,18,1,5,6,10,1,11,1,2,1,0
02/10/23,Fulham,Chelsea,0,2,A,0,2,A,T Robinson,10,11,3,4,15,12,8,1,1,4,0,0
03/10/23,Luton,Burnley,1,2,A,0,1,A,P Bankes,18,14,3,4,14,6,7,6,4,2,0,0
07/10/23,Luton,Tottenham,0,1,A,0,0,D,J Brooks,12,15,2,4,16,7,5,6,2,1,0,1
07/10/23,Burnley,Chelsea,1,4,A,1,1,D,S Attwell,10,9,3,5,11,8,7,3,2,4,0,0
07/10/23,Everton,Bournemouth,3,0,H,2,0,H,D Coote,25,11,8,4,14,15,8,7,1,2,0,0
07/10/23,Fulham,Sheffield United,3,1,H,0,0,D,S Barrott,20,5,6,2,8,10,9,4,1,2,0,0
07/10/23,Man United,Brentford,2,1,H,0,1,A,A Madley,21,11,8,3,10,17,7,5,0,5,0,0
07/10/23,Crystal Palace,Nott'm Forest,0,0,D,0,0,D,C Pawson,8,16,2,5,7,12,3,7,0,1,0,0
08/10/23,Brighton,Liverpool,2,2,D,1,2,A,A Taylor,14,14,3,4,12,20,8,1,1,2,0,0
08/10/23,West Ham,Newcastle,2,2,D,1,0,H,P Bankes,5,10,3,3,11,18,4,2,3,3,0,0
08/10/23,Wolves,Aston Villa,1,1,D,0,0,D,R Jones,8,18,3,4,19,9,2,10,2,2,1,0
08/10/23,Arsenal,Man City,1,0,H,0,0,D,M Oliver,12,4,2,1,8,7,5,4,2,3,0,0
21/10/23,Liverpool,Everton,2,0,H,0,0,D,C Pawson,26,6,6,1,9,9,12,4,1,1,0,1
21/10/23,Bournemouth,Wolves,1,2,A,1,0,H,P Tierney,7,20,4,7,15,10,3,12,2,6,1,0
21/10/23,Brentford,Burnley,3,0,H,1,0,H,J Smith,23,6,10,1,14,12,5,5,5,2,0,1
21/10/23,Man City,Brighton,2,1,H,2,0,H,R Jones,10,5,6,3,9,11,2,2,2,2,1,0
21/10/23,Newcastle,Crystal Palace,4,0,H,3,0,H,T Robinson,10,17,7,3,7,12,6,8,2,3,0,0
21/10/23,Nott'm Forest,Luton,2,2,D,0,0,D,S Barrott,19,13,8,4,12,11,4,2,3,0,0,0
21/10/23,Chelsea,Arsenal,2,2,D,1,0,H,C Kavanagh,11,13,5,3,7,14,2,7,3,3,0,0
21/10/23,Sheffield United,Man United,1,2,A,1,1,D,M Oliver,12,14,6,5,12,10,5,4,3,1,0,0
22/10/23,Aston Villa,West Ham,4,1,H,1,0,H,D Coote,15,14,7,4,9,15,8,7,0,1,0,0
23/10/23,Tottenham,Fulham,2,0,H,1,0,H,A Taylor,15,10,5,3,10,14,3,5,2,0,0,0
27/10/23,Crystal Palace,Tottenham,1,2,A,0,0,D,A Madley,13,10,3,1,19,11,11,2,2,1,0,0
28/10/23,Chelsea,Brentford,0,2,A,0,0,D,S Hooper,17,7,2,5,12,7,10,1,1,4,0,0
28/10/23,Arsenal,Sheffield United,5,0,H,1,0,H,T Robinson,13,2,8,0,9,13,6,1,0,3,0,0
28/10/23,Bournemouth,Burnley,2,1,H,1,1,D,S Barrott,13,6,6,3,9,12,10,5,2,3,0,0
28/10/23,Wolves,Newcastle,2,2,D,1,2,A,A Taylor,11,13,6,5,13,15,8,7,1,4,0,0
29/10/23,West Ham,Everton,0,1,A,0,0,D,S Attwell,12,10,2,4,7,11,4,3,4,1,0,0
29/10/23,Aston Villa,Luton,3,1,H,1,0,H,J Brooks,17,7,6,1,11,10,6,4,3,2,0,0
29/10/23,Brighton,Fulham,1,1,D,1,0,H,M Salisbury,18,10,7,5,12,8,7,3,0,3,0,0
29/10/23,Liverpool,Nott'm Forest,3,0,H,2,0,H,C Kavanagh,21,9,8,1,9,13,8,3,2,3,0,0
29/10/23,Man United,Man City,0,3,A,0,1,A,P Tierney,7,21,3,10,9,4,7,12,4,1,0,0
04/11/23,Fulham,Man United,0,1,A,0,0,D,J Brooks,18,12,3,5,9,15,9,4,5,2,0,0
04/11/23,Brentford,West Ham,3,2,H,1,2,A,T Bramall,16,12,4,2,12,14,4,3,1,4,0,0
04/11/23,Burnley,Crystal Palace,0,2,A,0,1,A,P Bankes,17,4,5,3,9,12,12,1,0,5,0,0
04/11/23,Everton,Brighton,1,1,D,1,0,H,T Robinson,10,7,4,2,15,5,3,3,4,2,0,0
04/11/23,Man City,Bournemouth,6,1,H,3,0,H,C Pawson,21,5,8,1,8,9,12,1,0,1,0,0
04/11/23,Sheffield United,Wolves,2,1,H,0,0,D,R Jones,11,10,2,3,13,10,4,4,2,3,0,0
04/11/23,Newcastle,Arsenal,1,0,H,0,0,D,S Attwell,9,14,2,1,14,9,0,11,5,1,0,0
05/11/23,Nott'm Forest,Aston Villa,2,0,H,1,0,H,J Gillett,5,13,3,3,6,9,0,10,1,1,0,0
05/11/23,Luton,Liverpool,1,1,D,0,0,D,A Madley,8,24,5,6,7,13,4,7,1,1,0,0
06/11/23,Tottenham,Chelsea,1,4,A,1,1,D,M Oliver,8,17,5,8,12,21,1,6,1,5,2,0
11/11/23,Wolves,Tottenham,2,1,H,0,1,A,T Robinson,17,6,4,2,19,15,11,3,4,3,0,0
11/11/23,Arsenal,Burnley,3,1,H,1,0,H,M Oliver,16,8,6,5,8,9,3,3,0,1,1,0
11/11/23,Crystal Palace,Everton,2,3,A,1,1,D,S Barrott,13,8,4,4,9,18,9,2,1,4,0,0
11/11/23,Man United,Luton,1,0,H,0,0,D,G Scott,15,10,4,4,9,11,11,3,0,2,0,0
11/11/23,Bournemouth,Newcastle,2,0,H,0,0,D,C Kavanagh,19,8,10,5,10,4,6,5,2,1,0,0
12/11/23,Aston Villa,Fulham,3,1,H,2,0,H,S Hooper,12,9,6,5,4,17,2,2,2,5,0,0
12/11/23,Brighton,Sheffield United,1,1,D,1,0,H,J Brooks,11,9,6,1,13,16,6,3,3,2,1,0
12/11/23,Liverpool,Brentford,3,0,H,1,0,H,P Tierney,17,16,10,3,16,12,6,8,1,2,0,0
12/11/23,West Ham,Nott'm Forest,3,2,H,1,1,D,M Salisbury,16,10,6,5,9,12,9,4,2,2,0,0
12/11/23,Chelsea,Man City,4,4,D,2,2,D,A Taylor,17,15,9,10,12,15,3,3,5,3,0,0
25/11/23,Man City,Liverpool,1,1,D,1,0,H,C Kavanagh,16,8,5,3,9,11,9,6,1,3,0,0
25/11/23,Burnley,West Ham,1,2,A,0,0,D,S Barrott,11,11,5,3,11,7,4,5,1,3,0,0
25/11/23,Luton,Crystal Palace,2,1,H,0,0,D,J Gillett,8,16,3,8,15,12,4,5,6,1,0,0
25/11/23,Newcastle,Chelsea,4,1,H,1,1,D,S Hooper,14,7,5,4,13,19,4,2,4,4,0,1
25/11/23,Nott'm Forest,Brighton,2,3,A,1,2,A,A Taylor,18,11,5,5,12,7,6,4,2,4,0,1
25/11/23,Sheffield United,Bournemouth,1,3,A,0,2,A,A Madley,10,23,2,11,6,8,4,7,4,1,0,0
25/11/23,Brentford,Arsenal,0,1,A,0,0,D,T Robinson,9,15,3,4,9,7,1,8,1,1,0,0
26/11/23,Tottenham,Aston Villa,1,2,A,1,1,D,R Jones,18,15,8,5,11,13,9,3,0,4,0,0
26/11/23,Everton,Man United,0,3,A,0,1,A,J Brooks,24,9,6,4,10,8,6,5,3,0,0,0
27/11/23,Fulham,Wolves,3,2,H,1,1,D,M Salisbury,12,10,6,6,13,13,6,2,2,2,0,0
02/12/23,Arsenal,Wolves,2,1,H,2,0,H,P Bankes,19,6,6,3,10,10,4,0,1,2,0,0
02/12/23,Brentford,Luton,3,1,H,0,0,D,A Taylor,27,7,6,1,10,8,7,5,1,2,0,0
02/12/23,Burnley,Sheffield United,5,0,H,2,0,H,C Kavanagh,19,6,7,3,9,12,6,1,2,5,0,1
02/12/23,Nott'm Forest,Everton,0,1,A,0,0,D,P Tierney,13,12,2,3,15,14,4,3,1,0,0,0
02/12/23,Newcastle,Man United,1,0,H,0,0,D,R Jones,22,8,4,1,6,13,7,3,1,2,0,0
03/12/23,Bournemouth,Aston Villa,2,2,D,1,1,D,T Bramall,15,11,7,3,16,12,7,7,5,3,0,0
03/12/23,Chelsea,Brighton,3,2,H,2,1,H,C Pawson,8,18,5,9,16,12,5,8,3,5,1,0
03/12/23,Liverpool,Fulham,4,3,H,2,2,D,S Attwell,26,9,12,5,6,7,3,4,0,0,0,0
03/12/23,West Ham,Crystal Palace,1,1,D,1,0,H,M Oliver,9,9,3,2,17,7,2,3,2,0,0,0
03/12/23,Man City,Tottenham,3,3,D,2,1,H,S Hooper,18,8,4,4,14,14,10,8,4,4,0,0
05/12/23,Wolves,Burnley,1,0,H,1,0,H,J Gillett,7,12,4,3,11,15,6,8,2,4,0,0
05/12/23,Luton,Arsenal,3,4,A,1,2,A,S Barrott,6,23,4,9,14,7,3,8,2,1,0,0
06/12/23,Brighton,Brentford,2,1,H,1,1,D,P Bankes,18,8,7,2,10,8,7,3,3,1,0,0
06/12/23,Crystal Palace,Bournemouth,0,2,A,0,1,A,C Pawson,16,11,3,4,10,17,3,9,1,3,0,0
06/12/23,Fulham,Nott'm Forest,5,0,H,2,0,H,J Smith,14,4,6,1,7,10,6,1,0,1,0,0
06/12/23,Sheffield United,Liverpool,0,2,A,0,1,A,S Hooper,6,15,1,8,12,8,2,12,2,3,0,0
06/12/23,Aston Villa,Man City,1,0,H,0,0,D,J Brooks,22,2,7,2,13,13,6,0,2,2,0,0
06/12/23,Man United,Chelsea,2,1,H,1,1,D,C Kavanagh,28,13,9,3,12,12,12,4,4,0,0,0
07/12/23,Everton,Newcastle,3,0,H,0,0,D,T Robinson,21,13,6,3,18,8,5,2,3,0,0,0
07/12/23,Tottenham,West Ham,1,2,A,1,0,H,M Salisbury,23,11,7,5,11,12,8,4,3,3,0,0
09/12/23,Crystal Palace,Liverpool,1,2,A,0,0,D,A Madley,8,14,4,2,17,17,6,5,5,2,1,0
09/12/23,Brighton,Burnley,1,1,D,0,1,A,S Hooper,29,6,11,3,5,8,9,1,0,4,0,0
09/12/23,Man United,Bournemouth,0,3,A,0,1,A,P Bankes,20,10,3,4,7,10,10,4,3,1,0,0
09/12/23,Sheffield United,Brentford,1,0,H,1,0,H,S Attwell,9,10,4,4,14,13,3,4,5,1,0,0
09/12/23,Wolves,Nott'm Forest,1,1,D,1,1,D,S Barrott,10,8,4,2,9,11,4,3,0,1,0,0
09/12/23,Aston Villa,Arsenal,1,0,H,1,0,H,J Gillett,10,12,3,5,16,11,3,3,4,2,0,0
10/12/23,Everton,Chelsea,2,0,H,0,0,D,M Oliver,9,16,5,4,12,12,4,8,2,2,0,0
10/12/23,Fulham,West Ham,5,0,H,3,0,H,P Tierney,14,9,8,5,5,10,3,6,2,1,0,0
10/12/23,Luton,Man City,1,2,A,1,0,H,T Robinson,4,18,2,6,16,6,6,3,2,1,0,0
10/12/23,Tottenham,Newcastle,4,1,H,2,0,H,C Kavanagh,23,9,12,3,10,12,3,6,1,3,0,0
15/12/23,Nott'm Forest,Tottenham,0,2,A,0,1,A,J Gillett,15,12,1,6,16,11,6,4,2,4,0,1
16/12/23,Chelsea,Sheffield United,2,0,H,0,0,D,A Madley,15,6,6,1,9,14,7,6,1,3,0,0
16/12/23,Man City,Crystal Palace,2,2,D,1,0,H,P Tierney,19,5,9,2,12,9,6,1,1,1,0,0
16/12/23,Newcastle,Fulham,3,0,H,0,0,D,S Barrott,27,6,10,4,7,12,5,1,0,2,0,1
16/12/23,Burnley,Everton,0,2,A,0,2,A,A Taylor,14,9,2,6,9,8,8,6,0,1,0,0
17/12/23,Arsenal,Brighton,2,0,H,0,0,D,T Robinson,26,6,9,1,11,9,10,1,1,3,0,0
17/12/23,Brentford,Aston Villa,1,2,A,1,0,H,D Coote,4,15,3,5,19,6,7,12,6,4,1,1
17/12/23,West Ham,Wolves,3,0,H,2,0,H,C Kavanagh,13,14,4,3,12,15,6,6,3,1,0,0
17/12/23,Liverpool,Man United,0,0,D,0,0,D,M Oliver,34,6,8,1,13,8,12,0,2,4,0,1
21/12/23,Crystal Palace,Brighton,1,1,D,1,0,H,J Brooks,11,18,3,6,12,11,3,1,5,2,0,0
22/12/23,Aston Villa,Sheffield United,1,1,D,0,0,D,A Taylor,12,5,4,2,11,16,9,1,3,3,0,0
23/12/23,West Ham,Man United,2,0,H,0,0,D,S Hooper,12,11,5,3,13,15,4,4,2,3,0,0
23/12/23,Fulham,Burnley,0,2,A,0,0,D,R Welch,19,7,5,2,5,17,8,6,2,1,0,0
23/12/23,Luton,Newcastle,1,0,H,1,0,H,D England,16,15,5,2,11,5,6,7,2,1,0,0
23/12/23,Nott'm Forest,Bournemouth,2,3,A,0,0,D,R Jones,11,18,5,7,10,10,6,6,0,3,1,0
23/12/23,Tottenham,Everton,2,1,H,2,0,H,S Attwell,13,18,6,8,6,18,3,8,1,4,0,0
23/12/23,Liverpool,Arsenal,1,1,D,1,1,D,C Kavanagh,13,13,3,2,13,14,4,5,2,5,0,0
24/12/23,Wolves,Chelsea,2,1,H,0,0,D,D Coote,14,16,6,5,11,9,10,6,3,5,0,0
26/12/23,Newcastle,Nott'm Forest,1,3,A,1,1,D,C Kavanagh,19,15,7,6,10,11,10,2,3,3,0,0
26/12/23,Bournemouth,Fulham,3,0,H,1,0,H,T Robinson,16,8,4,3,10,10,6,5,0,2,0,0
26/12/23,Sheffield United,Luton,2,3,A,0,1,A,S Allison,21,12,6,4,13,13,9,4,5,0,0,0
26/12/23,Burnley,Liverpool,0,2,A,0,1,A,P Tierney,9,19,0,10,7,10,4,4,2,1,0,0
26/12/23,Man United,Aston Villa,3,2,H,0,2,A,C Pawson,13,10,7,4,10,10,3,6,1,3,0,0
27/12/23,Brentford,Wolves,1,4,A,1,3,A,A Madley,14,11,4,5,5,14,8,2,1,1,0,0
27/12/23,Chelsea,Crystal Palace,2,1,H,1,1,D,M Salisbury,9,13,4,5,13,16,4,3,3,2,0,0
27/12/23,Everton,Man City,1,3,A,1,0,H,J Brooks,7,23,2,9,13,5,8,4,4,2,0,0
28/12/23,Brighton,Tottenham,4,2,H,2,0,H,J Gillett,15,19,9,3,18,6,7,6,3,2,0,0
28/12/23,Arsenal,West Ham,0,2,A,0,1,A,M Oliver,30,6,8,3,8,8,10,3,2,0,0,0
30/12/23,Luton,Chelsea,2,3,A,0,2,A,P Tierney,15,12,6,8,14,21,7,2,2,2,0,0
30/12/23,Aston Villa,Burnley,3,2,H,2,1,H,S Attwell,19,9,7,5,9,14,6,2,4,1,0,1
30/12/23,Crystal Palace,Brentford,3,1,H,2,1,H,R Jones,13,9,6,4,14,10,7,4,0,1,0,0
30/12/23,Man City,Sheffield United,2,0,H,1,0,H,D Coote,18,4,4,2,5,6,12,2,1,1,0,0
30/12/23,Wolves,Everton,3,0,H,1,0,H,T Bramall,12,10,6,0,9,14,5,2,2,3,0,0
30/12/23,Nott'm Forest,Man United,2,1,H,0,0,D,T Robinson,8,10,2,5,9,11,4,5,2,4,0,0
31/12/23,Fulham,Arsenal,2,1,H,1,1,D,J Smith,15,13,4,3,11,10,5,4,4,1,0,0
31/12/23,Tottenham,Bournemouth,3,1,H,1,0,H,S Hooper,12,24,6,4,9,18,4,13,3,3,0,0
01/01/24,Liverpool,Newcastle,4,2,H,0,0,D,A Taylor,34,5,15,3,16,15,7,3,3,5,0,0
02/01/24,West Ham,Brighton,0,0,D,0,0,D,S Barrott,6,22,2,8,4,6,2,0,1,0,0,0
12/01/24,Burnley,Luton,1,1,D,1,0,H,T Harrington,13,14,7,5,7,12,2,8,1,0,0,0
13/01/24,Chelsea,Fulham,1,0,H,1,0,H,A Taylor,17,14,3,4,13,9,6,4,5,1,0,0
13/01/24,Newcastle,Man City,2,3,A,2,1,H,C Kavanagh,12,27,5,11,7,7,3,13,1,2,0,0
14/01/24,Everton,Aston Villa,0,0,D,0,0,D,D Coote,10,16,2,5,13,14,4,5,1,4,0,0
14/01/24,Man United,Tottenham,2,2,D,2,1,H,J Brooks,9,16,2,6,8,5,8,13,2,1,0,0
20/01/24,Arsenal,Crystal Palace,5,0,H,2,0,H,P Tierney,21,12,6,5,8,12,6,7,0,0,0,0
20/01/24,Brentford,Nott'm Forest,3,2,H,1,1,D,D England,11,12,5,3,10,14,6,4,1,3,0,0
21/01/24,Sheffield United,West Ham,2,2,D,1,1,D,M Salisbury,21,16,6,5,11,10,4,1,3,1,1,1
21/01/24,Bournemouth,Liverpool,0,4,A,0,0,D,A Madley,11,14,1,7,9,12,8,5,1,2,0,0
22/01/24,Brighton,Wolves,0,0,D,0,0,D,C Pawson,11,8,4,3,10,13,8,2,1,4,0,0
30/01/24,Nott'm Forest,Arsenal,1,2,A,0,0,D,S Hooper,9,19,3,3,6,7,2,11,0,1,0,0
30/01/24,Fulham,Everton,0,0,D,0,0,D,T Bramall,25,21,6,4,6,13,15,6,1,2,0,0
30/01/24,Luton,Brighton,4,0,H,3,0,H,R Jones,18,9,8,2,13,14,7,4,2,2,0,0
30/01/24,Crystal Palace,Sheffield United,3,2,H,2,2,D,T Harrington,12,9,4,5,8,18,11,1,1,4,0,0
30/01/24,Aston Villa,Newcastle,1,3,A,0,2,A,J Brooks,12,14,6,5,14,12,8,7,4,1,0,0
31/01/24,Man City,Burnley,3,1,H,2,0,H,S Barrott,14,8,4,3,3,13,7,3,2,2,0,0
31/01/24,Tottenham,Brentford,3,2,H,0,1,A,D Coote,19,9,5,5,13,15,5,3,2,3,0,0
31/01/24,Liverpool,Chelsea,4,1,H,2,0,H,P Tierney,28,4,13,3,15,16,8,1,2,4,0,0
01/02/24,West Ham,Bournemouth,1,1,D,0,1,A,T Robinson,9,9,3,4,13,11,1,5,1,3,0,0
01/02/24,Wolves,Man United,3,4,A,0,2,A,J Gillett,16,21,7,8,10,10,4,5,2,5,0,0
03/02/24,Everton,Tottenham,2,2,D,1,2,A,M Oliver,14,9,5,6,8,14,9,5,3,0,0,0
03/02/24,Brighton,Crystal Palace,4,1,H,3,0,H,S Hooper,13,7,6,5,8,14,3,2,1,3,0,0
03/02/24,Burnley,Fulham,2,2,D,0,2,A,D Bond,12,15,4,7,11,7,2,13,2,2,0,0
03/02/24,Newcastle,Luton,4,4,D,2,2,D,T Bramall,19,11,6,8,13,16,8,2,2,2,0,0
03/02/24,Sheffield United,Aston Villa,0,5,A,0,4,A,P Tierney,10,14,5,10,10,7,3,4,1,0,0,0
04/02/24,Bournemouth,Nott'm Forest,1,1,D,1,1,D,R Welch,9,8,2,6,19,12,11,6,3,2,1,0
04/02/24,Chelsea,Wolves,2,4,A,1,2,A,T Robinson,15,14,6,7,15,11,10,1,3,2,0,0
04/02/24,Man United,West Ham,3,0,H,1,0,H,A Madley,12,22,5,3,10,5,5,8,0,1,0,0
04/02/24,Arsenal,Liverpool,3,1,H,1,1,D,A Taylor,15,10,7,1,11,11,2,4,6,2,0,1
05/02/24,Brentford,Man City,1,3,A,1,1,D,J Gillett,9,25,3,15,2,4,8,13,1,0,0,0
10/02/24,Man City,Everton,2,0,H,0,0,D,J Brooks,19,5,3,1,6,11,9,0,0,2,0,0
10/02/24,Fulham,Bournemouth,3,1,H,2,0,H,D England,7,25,6,4,11,11,1,14,1,2,0,0
10/02/24,Liverpool,Burnley,3,1,H,1,1,D,T Robinson,25,9,10,4,11,13,9,3,3,2,0,0
10/02/24,Luton,Sheffield United,1,3,A,0,2,A,C Kavanagh,20,7,5,3,7,12,13,1,1,2,0,0
10/02/24,Tottenham,Brighton,2,1,H,0,1,A,S Barrott,16,6,6,3,14,13,9,6,2,3,0,0
10/02/24,Wolves,Brentford,0,2,A,0,1,A,S Hooper,17,9,5,6,11,9,7,4,2,3,0,0
10/02/24,Nott'm Forest,Newcastle,2,3,A,2,2,D,A Taylor,13,7,3,5,9,6,4,4,1,2,0,0
11/02/24,West Ham,Arsenal,0,6,A,0,4,A,C Pawson,5,25,1,12,17,11,2,6,4,0,0,0
11/02/24,Aston Villa,Man United,1,2,A,0,1,A,R Jones,23,17,10,5,9,7,10,8,3,2,0,0
12/02/24,Crystal Palace,Chelsea,1,3,A,1,0,H,M Oliver,13,14,4,5,14,7,1,7,2,2,0,0
17/02/24,Brentford,Liverpool,1,4,A,0,1,A,M Oliver,15,15,6,8,4,18,1,6,2,1,0,0
17/02/24,Burnley,Arsenal,0,5,A,0,2,A,J Gillett,8,16,0,7,11,8,4,6,2,1,0,0
17/02/24,Fulham,Aston Villa,1,2,A,0,1,A,L Smith,15,12,4,3,11,6,4,4,5,2,0,0
17/02/24,Newcastle,Bournemouth,2,2,D,0,0,D,M Salisbury,17,12,5,7,9,22,4,2,1,3,0,0
17/02/24,Nott'm Forest,West Ham,2,0,H,1,0,H,T Bramall,19,10,8,3,13,15,5,3,4,4,0,1
17/02/24,Tottenham,Wolves,1,2,A,0,1,A,A Taylor,15,12,4,7,8,13,10,4,0,1,0,0
17/02/24,Man City,Chelsea,1,1,D,0,1,A,A Madley,31,9,5,6,7,12,12,1,1,3,0,0
18/02/24,Sheffield United,Brighton,0,5,A,0,2,A,S Attwell,6,24,1,10,3,5,5,10,1,4,1,0
18/02/24,Luton,Man United,1,2,A,1,2,A,D Coote,22,21,4,9,7,21,8,6,3,5,0,0
19/02/24,Everton,Crystal Palace,1,1,D,0,0,D,P Tierney,19,10,4,4,8,12,3,6,0,2,0,0
20/02/24,Man City,Brentford,1,0,H,0,0,D,D England,25,6,11,2,12,6,10,1,2,4,0,0
21/02/24,Liverpool,Luton,4,1,H,0,1,A,A Madley,29,12,13,3,15,14,13,4,1,4,0,0
24/02/24,Aston Villa,Nott'm Forest,4,2,H,3,1,H,S Barrott,16,10,6,3,7,16,7,2,1,2,0,0
24/02/24,Brighton,Everton,1,1,D,0,0,D,T Harrington,23,6,7,3,9,14,11,3,2,3,1,0
24/02/24,Crystal Palace,Burnley,3,0,H,0,0,D,L Smith,15,2,6,0,8,13,12,3,3,1,0,1
24/02/24,Man United,Fulham,1,2,A,0,0,D,M Oliver,21,17,9,5,6,11,10,9,2,5,0,0
24/02/24,Bournemouth,Man City,0,1,A,0,1,A,J Gillett,13,15,4,6,14,6,3,8,2,2,0,0
24/02/24,Arsenal,Newcastle,4,1,H,2,0,H,P Tierney,18,3,8,2,15,6,9,0,1,0,0,0
25/02/24,Wolves,Sheffield United,1,0,H,1,0,H,D Bond,13,12,2,4,8,4,5,6,2,1,0,0
26/02/24,West Ham,Brentford,4,2,H,2,1,H,S Hooper,17,14,6,8,5,9,1,7,1,2,0,0
02/03/24,Brentford,Chelsea,2,2,D,0,1,A,J Gillett,14,17,5,6,10,9,0,6,3,1,0,0
02/03/24,Everton,West Ham,1,3,A,0,0,D,C Pawson,22,12,11,5,9,6,4,5,1,2,0,0
02/03/24,Fulham,Brighton,3,0,H,2,0,H,S Hooper,12,15,5,5,16,10,2,6,1,2,0,0
02/03/24,Newcastle,Wolves,3,0,H,2,0,H,T Robinson,14,12,7,3,8,11,3,5,0,1,0,0
02/03/24,Nott'm Forest,Liverpool,0,1,A,0,0,D,P Tierney,8,22,2,2,11,12,3,12,2,2,0,0
02/03/24,Tottenham,Crystal Palace,3,1,H,0,0,D,J Brooks,14,4,6,1,7,16,11,1,1,2,0,0
02/03/24,Luton,Aston Villa,2,3,A,0,2,A,M Oliver,13,12,5,8,8,19,8,6,1,4,0,0
03/03/24,Burnley,Bournemouth,0,2,A,0,1,A,D Coote,20,10,6,3,8,13,7,2,2,4,0,0
03/03/24,Man City,Man United,3,1,H,0,1,A,A Madley,27,3,8,1,5,10,15,2,0,1,0,0
04/03/24,Sheffield United,Arsenal,0,6,A,0,5,A,S Barrott,4,22,0,10,11,4,0,7,1,0,0,0
09/03/24,Man United,Everton,2,0,H,2,0,H,S Hooper,15,23,8,6,13,11,5,8,1,2,0,0
09/03/24,Bournemouth,Sheffield United,2,2,D,0,1,A,A Taylor,32,13,12,9,12,11,10,3,3,5,0,0
09/03/24,Crystal Palace,Luton,1,1,D,1,0,H,S Singh,21,8,4,2,20,11,8,6,2,3,0,0
09/03/24,Wolves,Fulham,2,1,H,0,0,D,T Harrington,8,23,3,6,7,11,3,4,2,2,0,0
09/03/24,Arsenal,Brentford,2,1,H,1,1,D,R Jones,17,9,6,4,9,10,10,4,2,4,0,0
10/03/24,Aston Villa,Tottenham,0,4,A,0,0,D,C Kavanagh,10,9,1,5,11,15,6,4,0,2,1,0
10/03/24,Brighton,Nott'm Forest,1,0,H,1,0,H,M Salisbury,10,9,3,4,14,14,6,3,4,4,0,0
10/03/24,West Ham,Burnley,2,2,D,0,2,A,D England,22,11,4,4,11,18,4,4,2,4,0,0
10/03/24,Liverpool,Man City,1,1,D,0,1,A,M Oliver,19,10,6,6,6,10,7,4,0,3,0,0
11/03/24,Chelsea,Newcastle,3,2,H,1,1,D,J Brooks,12,11,8,3,12,7,0,4,3,1,0,0
13/03/24,Bournemouth,Luton,4,3,H,0,3,A,S Allison,24,8,10,4,16,11,11,3,1,2,0,0
16/03/24,Burnley,Brentford,2,1,H,1,0,H,D Bond,17,9,6,5,14,17,5,4,2,4,0,1
16/03/24,Luton,Nott'm Forest,1,1,D,0,1,A,D England,10,16,4,6,10,17,6,7,1,2,0,0
16/03/24,Fulham,Tottenham,3,0,H,1,0,H,R Jones,16,14,7,5,9,10,4,5,2,3,0,0
17/03/24,West Ham,Aston Villa,1,1,D,1,0,H,J Gillett,13,13,5,5,13,12,7,11,3,3,0,0
30/03/24,Newcastle,West Ham,4,3,H,1,2,A,R Jones,24,10,9,4,9,8,3,4,1,1,1,0
30/03/24,Bournemouth,Everton,2,1,H,0,0,D,S Barrott,11,7,4,3,14,11,9,8,1,2,0,0
30/03/24,Chelsea,Burnley,2,2,D,1,0,H,D England,33,18,13,7,12,7,12,4,2,2,0,1
30/03/24,Nott'm Forest,Crystal Palace,1,1,D,0,1,A,C Kavanagh,12,10,5,3,14,12,4,6,1,1,0,0
30/03/24,Sheffield United,Fulham,3,3,D,0,0,D,T Robinson,8,24,4,9,10,13,2,15,4,1,0,0
30/03/24,Tottenham,Luton,2,1,H,0,1,A,J Gillett,17,7,4,3,16,14,3,6,2,4,0,0
30/03/24,Aston Villa,Wolves,2,0,H,1,0,H,P Tierney,11,13,5,3,11,19,5,4,3,4,0,0
30/03/24,Brentford,Man United,1,1,D,0,0,D,S Hooper,31,11,5,5,7,14,14,4,2,2,0,0
31/03/24,Liverpool,Brighton,2,1,H,1,1,D,D Coote,30,9,8,3,20,6,8,4,5,3,0,0
31/03/24,Man City,Arsenal,0,0,D,0,0,D,A Taylor,12,6,1,2,9,20,7,4,0,2,0,0
02/04/24,Newcastle,Everton,1,1,D,1,0,H,T Harrington,18,10,6,3,9,14,7,3,0,3,0,0
02/04/24,Nott'm Forest,Fulham,3,1,H,3,0,H,M Oliver,16,18,4,3,7,8,3,8,0,0,0,0
02/04/24,Bournemouth,Crystal Palace,1,0,H,0,0,D,G Scott,11,3,6,2,13,14,9,2,3,2,0,0
02/04/24,Burnley,Wolves,1,1,D,1,1,D,T Bramall,13,8,6,2,10,12,7,4,0,2,0,0
02/04/24,West Ham,Tottenham,1,1,D,1,1,D,J Brooks,11,13,4,4,13,9,9,5,1,4,0,0
03/04/24,Arsenal,Luton,2,0,H,2,0,H,C Pawson,13,5,4,1,12,8,3,1,1,1,0,0
03/04/24,Brentford,Brighton,0,0,D,0,0,D,A Madley,5,24,2,6,9,12,1,5,1,1,0,0
03/04/24,Man City,Aston Villa,4,1,H,2,1,H,D England,25,8,11,3,6,13,2,3,1,2,0,0
04/04/24,Liverpool,Sheffield United,3,1,H,1,0,H,S Attwell,29,8,9,3,6,9,13,1,0,1,0,0
04/04/24,Chelsea,Man United,4,3,H,2,2,D,J Gillett,28,19,10,5,7,15,12,3,3,0,0,0
06/04/24,Crystal Palace,Man City,2,4,A,1,1,D,P Tierney,7,18,4,8,13,3,2,9,1,1,0,0
06/04/24,Aston Villa,Brentford,3,3,D,1,0,H,M Salisbury,11,8,3,3,15,11,11,3,2,2,0,0
06/04/24,Everton,Burnley,1,0,H,1,0,H,M Oliver,12,6,3,1,11,13,3,5,2,1,0,1
06/04/24,Fulham,Newcastle,0,1,A,0,0,D,S Allison,14,12,4,5,10,13,14,3,1,2,0,0
06/04/24,Luton,Bournemouth,2,1,H,0,0,D,A Madley,19,8,9,1,7,14,7,2,0,0,0,0
06/04/24,Wolves,West Ham,1,2,A,1,0,H,T Harrington,14,11,7,4,15,7,4,4,5,2,0,0
06/04/24,Brighton,Arsenal,0,3,A,0,1,A,J Brooks,10,20,2,7,14,13,8,7,1,2,0,0
07/04/24,Man United,Liverpool,2,2,D,0,1,A,A Taylor,9,28,5,7,9,10,6,11,5,2,0,0
07/04/24,Sheffield United,Chelsea,2,2,D,1,1,D,R Jones,11,6,6,3,12,10,7,6,4,2,0,0
07/04/24,Tottenham,Nott'm Forest,3,1,H,1,1,D,S Hooper,17,13,7,6,11,12,12,2,2,3,0,0
13/04/24,Newcastle,Tottenham,4,0,H,2,0,H,T Robinson,18,11,5,2,14,12,16,3,0,4,0,0
13/04/24,Brentford,Sheffield United,2,0,H,0,0,D,S Barrott,9,8,5,2,8,11,3,6,3,1,0,0
13/04/24,Burnley,Brighton,1,1,D,0,0,D,S Hooper,11,20,3,8,18,8,4,5,1,2,0,0
13/04/24,Man City,Luton,5,1,H,1,0,H,J Brooks,33,4,13,2,7,6,12,1,1,0,0,0
13/04/24,Nott'm Forest,Wolves,2,2,D,1,1,D,C Pawson,18,11,9,4,15,10,10,1,2,3,0,0
13/04/24,Bournemouth,Man United,2,2,D,2,1,H,T Harrington,20,8,5,2,13,14,7,2,4,0,0,0
14/04/24,Liverpool,Crystal Palace,0,1,A,0,1,A,C Kavanagh,21,8,6,5,10,10,11,1,1,1,0,0
14/04/24,West Ham,Fulham,0,2,A,0,1,A,S Attwell,15,18,4,10,6,13,8,3,1,2,0,0
14/04/24,Arsenal,Aston Villa,0,2,A,0,0,D,D Coote,18,11,4,2,12,7,4,6,3,1,0,0
15/04/24,Chelsea,Everton,6,0,H,4,0,H,P Tierney,14,10,10,2,5,21,4,8,1,4,0,0
20/04/24,Luton,Brentford,1,5,A,0,2,A,J Gillett,6,21,3,9,13,9,4,9,1,2,0,0
20/04/24,Sheffield United,Burnley,1,4,A,0,2,A,A Madley,18,16,11,9,10,9,11,2,1,0,0,0
20/04/24,Wolves,Arsenal,0,2,A,0,1,A,P Tierney,5,24,3,9,14,9,1,2,3,2,0,0
21/04/24,Everton,Nott'm Forest,2,0,H,1,0,H,A Taylor,7,8,4,3,15,9,6,4,3,2,0,0
21/04/24,Aston Villa,Bournemouth,3,1,H,1,1,D,T Robinson,14,14,4,6,8,14,8,4,1,3,0,0
21/04/24,Crystal Palace,West Ham,5,2,H,4,1,H,G Scott,18,4,7,1,9,9,4,0,3,2,0,0
21/04/24,Fulham,Liverpool,1,3,A,1,1,D,C Pawson,12,14,5,7,5,11,1,4,3,0,0,0
23/04/24,Arsenal,Chelsea,5,0,H,1,0,H,S Hooper,27,7,10,1,12,11,4,2,2,2,0,0
24/04/24,Wolves,Bournemouth,0,1,A,0,1,A,S Attwell,15,21,4,6,10,17,8,12,4,1,0,1
24/04/24,Crystal Palace,Newcastle,2,0,H,0,0,D,T Bramall,20,7,7,2,10,15,7,2,3,3,0,0
24/04/24,Everton,Liverpool,2,0,H,1,0,H,A Madley,16,23,6,7,6,13,4,13,0,3,0,0
24/04/24,Man United,Sheffield United,4,2,H,1,1,D,M Salisbury,25,10,13,4,7,9,9,4,0,1,0,0
25/04/24,Brighton,Man City,0,4,A,0,3,A,J Gillett,7,14,3,6,10,3,4,4,2,0,0,0
27/04/24,West Ham,Liverpool,2,2,D,1,0,H,A Taylor,11,28,8,8,8,10,5,8,0,2,0,0
27/04/24,Fulham,Crystal Palace,1,1,D,0,0,D,S Attwell,9,14,2,4,11,15,5,9,0,2,0,0
27/04/24,Man United,Burnley,1,1,D,0,0,D,J Brooks,27,16,10,7,7,11,6,5,1,3,0,0
27/04/24,Newcastle,Sheffield United,5,1,H,1,1,D,T Harrington,20,15,7,5,9,10,4,5,0,0,0,0
27/04/24,Wolves,Luton,2,1,H,1,0,H,D Coote,13,9,5,6,14,14,4,4,3,1,0,0
27/04/24,Everton,Brentford,1,0,H,0,0,D,D England,18,10,1,4,10,12,6,6,1,2,0,0
27/04/24,Aston Villa,Chelsea,2,2,D,2,0,H,C Pawson,9,21,4,5,13,14,2,4,3,5,0,0
28/04/24,Bournemouth,Brighton,3,0,H,1,0,H,P Tierney,15,13,6,1,14,10,8,2,2,2,0,0
28/04/24,Tottenham,Arsenal,2,3,A,0,3,A,M Oliver,14,9,2,3,12,16,8,6,2,1,0,0
28/04/24,Nott'm Forest,Man City,0,2,A,0,1,A,S Hooper,14,11,2,5,8,6,4,5,0,0,0,0
02/05/24,Chelsea,Tottenham,2,0,H,1,0,H,R Jones,16,19,5,3,12,16,4,9,0,1,0,0
03/05/24,Luton,Everton,1,1,D,1,1,D,T Robinson,18,10,5,3,14,12,8,7,1,3,0,0
04/05/24,Arsenal,Bournemouth,3,0,H,1,0,H,D Coote,25,7,9,2,16,12,6,1,2,3,0,0
04/05/24,Brentford,Fulham,0,0,D,0,0,D,G Scott,7,15,3,3,3,6,7,6,1,1,0,0
04/05/24,Burnley,Newcastle,1,4,A,0,3,A,A Taylor,17,23,5,11,8,8,4,11,2,2,0,0
04/05/24,Sheffield United,Nott'm Forest,1,3,A,1,1,D,C Kavanagh,17,15,5,4,9,7,5,3,0,1,1,0
04/05/24,Man City,Wolves,5,1,H,3,0,H,C Pawson,20,2,12,1,4,17,6,0,0,4,0,0
05/05/24,Brighton,Aston Villa,1,0,H,0,0,D,R Jones,15,2,8,1,13,10,7,3,2,1,0,0
05/05/24,Chelsea,West Ham,5,0,H,3,0,H,A Madley,25,13,14,2,12,10,8,6,1,3,0,0
05/05/24,Liverpool,Tottenham,4,2,H,2,0,H,P Tierney,25,11,13,6,14,12,8,3,1,4,0,0
06/05/24,Crystal Palace,Man United,4,0,H,2,0,H,J Gillett ,18,7,10,2,12,8,6,3,1,1,0,0
11/05/24,Fulham,Man City,0,4,A,0,1,A,A Taylor,1,16,1,9,9,6,1,7,1,0,1,0
11/05/24,Bournemouth,Brentford,1,2,A,0,0,D,M Donohue,13,11,4,5,16,12,3,8,2,2,0,0
11/05/24,Everton,Sheffield United,1,0,H,1,0,H,S Attwell,15,13,6,1,6,11,3,6,1,2,0,0
11/05/24,Newcastle,Brighton,1,1,D,1,1,D,D England,18,15,7,4,9,16,8,4,3,4,0,0
11/05/24,Tottenham,Burnley,2,1,H,1,1,D,J Gillett,21,7,9,3,10,14,9,3,3,5,0,0
11/05/24,West Ham,Luton,3,1,H,0,1,A,M Oliver,24,4,8,1,9,15,7,6,1,3,0,0
11/05/24,Wolves,Crystal Palace,1,3,A,0,2,A,T Bramall,13,13,7,3,13,12,8,3,3,2,0,1
11/05/24,Nott'm Forest,Chelsea,2,3,A,1,1,D,T Harrington,20,12,4,5,14,8,5,6,2,3,0,0
12/05/24,Man United,Arsenal,0,1,A,0,1,A,P Tierney,14,11,2,5,5,6,4,7,0,2,0,0
13/05/24,Aston Villa,Liverpool,3,3,D,1,2,A,S Hooper,19,14,5,7,11,15,5,4,1,1,0,0
14/05/24,Tottenham,Man City,0,2,A,0,0,D,C Kavanagh,10,8,5,5,14,11,7,4,3,3,0,0
15/05/24,Brighton,Chelsea,1,2,A,0,1,A,M Salisbury,12,13,2,6,13,14,4,6,2,2,0,1
15/05/24,Man United,Newcastle,3,2,H,1,0,H,R Jones,17,21,8,8,16,7,9,9,3,3,0,0
19/05/24,Arsenal,Everton,2,1,H,1,1,D,M Oliver,26,5,5,2,8,11,8,1,4,3,0,0
19/05/24,Brentford,Newcastle,2,4,A,0,3,A,S Hooper,10,12,5,7,15,11,3,0,4,4,0,0
19/05/24,Brighton,Man United,0,2,A,0,0,D,C Pawson,17,11,3,4,10,9,7,5,1,3,0,0
19/05/24,Burnley,Nott'm Forest,1,2,A,0,2,A,G Scott,20,12,3,6,11,5,4,3,1,0,0,0
19/05/24,Chelsea,Bournemouth,2,1,H,1,0,H,A Taylor,16,22,6,5,5,9,6,5,2,3,0,0
19/05/24,Crystal Palace,Aston Villa,5,0,H,2,0,H,D Bond,15,8,9,2,10,8,2,4,1,4,0,0
19/05/24,Liverpool,Wolves,2,0,H,2,0,H,C Kavanagh,36,4,14,3,14,11,10,2,1,1,0,1
19/05/24,Luton,Fulham,2,4,A,1,2,A,M Donohue,15,15,6,7,15,20,4,4,5,4,0,0
19/05/24,Man City,West Ham,3,1,H,2,1,H,J Brooks,28,3,12,2,3,12,11,2,0,1,0,0
19/05/24,Sheffield United,Tottenham,0,3,A,0,1,A,A Madley,6,18,1,9,11,9,2,6,2,0,0,0
