Date,HomeTeam,AwayTeam,FTHG,FTAG,FTR,HTHG,HTAG,HTR,Referee,HS,AS,HST,AST,HF,AF,HC,AC,HY,AY,HR,AR
31/08/02,Santander,Valladolid,0,1,A,0,0,D,,,,,,,,,,,,,
01/09/02,Barcelona,Ath Madrid,2,2,D,1,1,D,,,,,,,,,,,,,
01/09/02,La Coruna,Betis,2,4,A,1,3,A,,,,,,,,,,,,,
01/09/02,Mallorca,Valencia,0,2,A,0,1,A,,,,,,,,,,,,,
01/09/02,Recreativo,Malaga,2,3,A,2,1,H,,,,,,,,,,,,,
01/09/02,Sevilla,Celta,0,1,A,0,1,A,,,,,,,,,,,,,
01/09/02,Sociedad,Ath Bilbao,4,2,H,2,1,H,,,,,,,,,,,,,
01/09/02,Vallecano,Alaves,2,2,D,1,1,D,,,,,,,,,,,,,
01/09/02,Villarreal,Osasuna,2,2,D,2,0,H,,,,,,,,,,,,,
02/09/02,Real Madrid,Espanol,2,0,H,1,0,H,,,,,,,,,,,,,
14/09/02,Ath Bilbao,Barcelona,0,2,A,0,2,A,,,,,,,,,,,,,
14/09/02,Malaga,Vallecano,2,1,H,0,1,A,,,,,,,,,,,,,
14/09/02,Osasuna,La Coruna,1,2,A,1,0,H,,,,,,,,,,,,,
14/09/02,Valencia,Recreativo,3,0,H,1,0,H,,,,,,,,,,,,,
15/09/02,Alaves,Santander,0,1,A,0,1,A,,,,,,,,,,,,,
15/09/02,Ath Madrid,Sevilla,1,1,D,0,1,A,,,,,,,,,,,,,
15/09/02,Celta,Mallorca,3,1,H,2,0,H,,,,,,,,,,,,,
15/09/02,Espanol,Sociedad,1,3,A,0,1,A,,,,,,,,,,,,,
15/09/02,Valladolid,Villarreal,1,0,H,1,0,H,,,,,,,,,,,,,
21/09/02,Barcelona,Espanol,2,0,H,0,0,D,,,,,,,,,,,,,
21/09/02,La Coruna,Valladolid,2,0,H,2,0,H,,,,,,,,,,,,,
21/09/02,Real Madrid,Osasuna,4,1,H,1,0,H,,,,,,,,,,,,,
22/09/02,Malaga,Valencia,2,2,D,2,0,H,,,,,,,,,,,,,
22/09/02,Mallorca,Ath Madrid,0,4,A,0,2,A,,,,,,,,,,,,,
22/09/02,Recreativo,Celta,0,3,A,0,1,A,,,,,,,,,,,,,
22/09/02,Sevilla,Ath Bilbao,1,1,D,0,0,D,,,,,,,,,,,,,
22/09/02,Sociedad,Betis,3,3,D,1,2,A,,,,,,,,,,,,,
22/09/02,Vallecano,Santander,3,1,H,1,1,D,,,,,,,,,,,,,
22/09/02,Villarreal,Alaves,0,1,A,0,1,A,,,,,,,,,,,,,
28/09/02,Alaves,La Coruna,1,2,A,0,0,D,,,,,,,,,,,,,
28/09/02,Betis,Barcelona,3,0,H,1,0,H,,,,,,,,,,,,,
28/09/02,Valladolid,Real Madrid,1,1,D,0,1,A,,,,,,,,,,,,,
29/09/02,Ath Bilbao,Mallorca,0,2,A,0,1,A,,,,,,,,,,,,,
29/09/02,Ath Madrid,Recreativo,1,1,D,1,1,D,,,,,,,,,,,,,
29/09/02,Celta,Malaga,2,2,D,2,2,D,,,,,,,,,,,,,
29/09/02,Espanol,Sevilla,0,0,D,0,0,D,,,,,,,,,,,,,
29/09/02,Osasuna,Sociedad,2,3,A,1,1,D,,,,,,,,,,,,,
29/09/02,Santander,Villarreal,1,1,D,0,0,D,,,,,,,,,,,,,
29/09/02,Valencia,Vallecano,3,0,H,2,0,H,,,,,,,,,,,,,
05/10/02,Recreativo,Ath Bilbao,1,2,A,0,0,D,,,,,,,,,,,,,
06/10/02,Barcelona,Osasuna,2,2,D,2,2,D,,,,,,,,,,,,,
06/10/02,La Coruna,Santander,0,2,A,0,1,A,,,,,,,,,,,,,
06/10/02,Malaga,Ath Madrid,3,1,H,1,0,H,,,,,,,,,,,,,
06/10/02,Mallorca,Espanol,2,0,H,0,0,D,,,,,,,,,,,,,
06/10/02,Real Madrid,Alaves,5,2,H,2,1,H,,,,,,,,,,,,,
06/10/02,Sevilla,Betis,1,1,D,0,1,A,,,,,,,,,,,,,
06/10/02,Sociedad,Valladolid,2,1,H,0,0,D,,,,,,,,,,,,,
06/10/02,Valencia,Celta,0,1,A,0,0,D,,,,,,,,,,,,,
06/10/02,Vallecano,Villarreal,2,2,D,1,2,A,,,,,,,,,,,,,
08/10/02,Betis,Real Madrid,1,1,D,1,0,H,,,,,,,,,,,,,
19/10/02,Ath Madrid,Valencia,1,1,D,0,1,A,,,,,,,,,,,,,
19/10/02,Santander,Real Madrid,2,0,H,1,0,H,,,,,,,,,,,,,
19/10/02,Villarreal,La Coruna,3,1,H,0,1,A,,,,,,,,,,,,,
20/10/02,Alaves,Sociedad,2,2,D,1,1,D,,,,,,,,,,,,,
20/10/02,Ath Bilbao,Malaga,1,1,D,1,0,H,,,,,,,,,,,,,
20/10/02,Betis,Mallorca,0,1,A,0,1,A,,,,,,,,,,,,,
20/10/02,Celta,Vallecano,0,1,A,0,1,A,,,,,,,,,,,,,
20/10/02,Espanol,Recreativo,2,0,H,0,0,D,,,,,,,,,,,,,
20/10/02,Osasuna,Sevilla,2,1,H,2,1,H,,,,,,,,,,,,,
20/10/02,Valladolid,Barcelona,2,1,H,0,0,D,,,,,,,,,,,,,
26/10/02,Barcelona,Alaves,6,1,H,4,0,H,,,,,,,,,,,,,
26/10/02,Celta,Ath Madrid,0,0,D,0,0,D,,,,,,,,,,,,,
26/10/02,Real Madrid,Villarreal,1,1,D,1,1,D,,,,,,,,,,,,,
26/10/02,Recreativo,Betis,1,1,D,0,1,A,,,,,,,,,,,,,
26/10/02,Valencia,Ath Bilbao,5,1,H,4,0,H,,,,,,,,,,,,,
26/10/02,Vallecano,La Coruna,1,2,A,0,1,A,,,,,,,,,,,,,
27/10/02,Malaga,Espanol,3,4,A,3,1,H,,,,,,,,,,,,,
27/10/02,Mallorca,Osasuna,2,0,H,0,0,D,,,,,,,,,,,,,
27/10/02,Sevilla,Valladolid,2,1,H,2,0,H,,,,,,,,,,,,,
27/10/02,Sociedad,Santander,2,1,H,0,1,A,,,,,,,,,,,,,
02/11/02,Ath Madrid,Vallecano,2,0,H,1,0,H,,,,,,,,,,,,,
02/11/02,La Coruna,Real Madrid,0,0,D,0,0,D,,,,,,,,,,,,,
02/11/02,Valladolid,Mallorca,1,3,A,1,1,D,,,,,,,,,,,,,
03/11/02,Alaves,Sevilla,1,0,H,0,0,D,,,,,,,,,,,,,
03/11/02,Ath Bilbao,Celta,2,1,H,0,1,A,,,,,,,,,,,,,
03/11/02,Betis,Malaga,3,0,H,0,0,D,,,,,,,,,,,,,
03/11/02,Espanol,Valencia,0,1,A,0,0,D,,,,,,,,,,,,,
03/11/02,Osasuna,Recreativo,0,1,A,0,0,D,,,,,,,,,,,,,
03/11/02,Santander,Barcelona,1,1,D,1,0,H,,,,,,,,,,,,,
03/11/02,Villarreal,Sociedad,0,1,A,0,1,A,,,,,,,,,,,,,
09/11/02,Barcelona,Villarreal,1,0,H,0,0,D,,,,,,,,,,,,,
09/11/02,Malaga,Osasuna,1,0,H,0,0,D,,,,,,,,,,,,,
09/11/02,Sociedad,La Coruna,1,1,D,1,1,D,,,,,,,,,,,,,
09/11/02,Valencia,Betis,1,1,D,0,0,D,,,,,,,,,,,,,
09/11/02,Vallecano,Real Madrid,2,3,A,1,1,D,,,,,,,,,,,,,
10/11/02,Ath Madrid,Ath Bilbao,3,3,D,1,0,H,,,,,,,,,,,,,
10/11/02,Celta,Espanol,1,0,H,1,0,H,,,,,,,,,,,,,
10/11/02,Mallorca,Alaves,3,1,H,1,0,H,,,,,,,,,,,,,
10/11/02,Recreativo,Valladolid,1,3,A,0,2,A,,,,,,,,,,,,,
10/11/02,Sevilla,Santander,1,0,H,1,0,H,,,,,,,,,,,,,
16/11/02,La Coruna,Barcelona,2,0,H,0,0,D,,,,,,,,,,,,,
16/11/02,Villarreal,Sevilla,1,0,H,0,0,D,,,,,,,,,,,,,
17/11/02,Alaves,Recreativo,3,0,H,2,0,H,,,,,,,,,,,,,
17/11/02,Ath Bilbao,Vallecano,2,1,H,0,1,A,,,,,,,,,,,,,
17/11/02,Betis,Celta,2,1,H,0,0,D,,,,,,,,,,,,,
17/11/02,Espanol,Ath Madrid,1,2,A,0,0,D,,,,,,,,,,,,,
17/11/02,Osasuna,Valencia,1,0,H,1,0,H,,,,,,,,,,,,,
17/11/02,Real Madrid,Sociedad,0,0,D,0,0,D,,,,,,,,,,,,,
17/11/02,Santander,Mallorca,1,2,A,1,1,D,,,,,,,,,,,,,
17/11/02,Valladolid,Malaga,0,0,D,0,0,D,,,,,,,,,,,,,
23/11/02,Barcelona,Real Madrid,0,0,D,0,0,D,,,,,,,,,,,,,
23/11/02,Sevilla,La Coruna,1,1,D,1,0,H,,,,,,,,,,,,,
23/11/02,Vallecano,Sociedad,0,0,D,0,0,D,,,,,,,,,,,,,
24/11/02,Ath Bilbao,Espanol,4,1,H,1,1,D,,,,,,,,,,,,,
24/11/02,Ath Madrid,Betis,1,0,H,1,0,H,,,,,,,,,,,,,
24/11/02,Celta,Osasuna,0,0,D,0,0,D,,,,,,,,,,,,,
24/11/02,Malaga,Alaves,0,0,D,0,0,D,,,,,,,,,,,,,
24/11/02,Mallorca,Villarreal,1,1,D,0,1,A,,,,,,,,,,,,,
24/11/02,Recreativo,Santander,2,1,H,0,1,A,,,,,,,,,,,,,
24/11/02,Valencia,Valladolid,2,0,H,2,0,H,,,,,,,,,,,,,
30/11/02,Osasuna,Ath Madrid,1,0,H,0,0,D,,,,,,,,,,,,,
01/12/02,Alaves,Valencia,0,0,D,0,0,D,,,,,,,,,,,,,
01/12/02,Betis,Ath Bilbao,1,0,H,0,0,D,,,,,,,,,,,,,
01/12/02,Espanol,Vallecano,3,1,H,1,0,H,,,,,,,,,,,,,
01/12/02,La Coruna,Mallorca,2,2,D,1,2,A,,,,,,,,,,,,,
01/12/02,Santander,Malaga,1,0,H,1,0,H,,,,,,,,,,,,,
01/12/02,Sociedad,Barcelona,2,1,H,1,1,D,,,,,,,,,,,,,
01/12/02,Valladolid,Celta,0,2,A,0,1,A,,,,,,,,,,,,,
01/12/02,Villarreal,Recreativo,1,0,H,0,0,D,,,,,,,,,,,,,
07/12/02,Malaga,Villarreal,1,1,D,0,0,D,,,,,,,,,,,,,
07/12/02,Recreativo,La Coruna,1,1,D,1,1,D,,,,,,,,,,,,,
07/12/02,Sevilla,Sociedad,0,1,A,0,0,D,,,,,,,,,,,,,
07/12/02,Valencia,Santander,2,0,H,1,0,H,,,,,,,,,,,,,
07/12/02,Vallecano,Barcelona,1,0,H,0,0,D,,,,,,,,,,,,,
08/12/02,Ath Bilbao,Osasuna,1,3,A,1,3,A,,,,,,,,,,,,,
08/12/02,Ath Madrid,Valladolid,1,0,H,0,0,D,,,,,,,,,,,,,
08/12/02,Celta,Alaves,2,1,H,2,0,H,,,,,,,,,,,,,
08/12/02,Espanol,Betis,2,4,A,0,2,A,,,,,,,,,,,,,
08/12/02,Mallorca,Real Madrid,1,5,A,1,1,D,,,,,,,,,,,,,
14/12/02,Alaves,Ath Madrid,2,0,H,2,0,H,,,,,,,,,,,,,
14/12/02,Villarreal,Valencia,0,2,A,0,0,D,,,,,,,,,,,,,
15/12/02,Barcelona,Sevilla,0,3,A,0,1,A,,,,,,,,,,,,,
15/12/02,Betis,Vallecano,0,1,A,0,1,A,,,,,,,,,,,,,
15/12/02,La Coruna,Malaga,1,0,H,0,0,D,,,,,,,,,,,,,
15/12/02,Osasuna,Espanol,1,0,H,0,0,D,,,,,,,,,,,,,
15/12/02,Real Madrid,Recreativo,4,2,H,1,2,A,,,,,,,,,,,,,
15/12/02,Santander,Celta,3,0,H,0,0,D,,,,,,,,,,,,,
15/12/02,Sociedad,Mallorca,2,1,H,0,0,D,,,,,,,,,,,,,
15/12/02,Valladolid,Ath Bilbao,2,0,H,0,0,D,,,,,,,,,,,,,
21/12/02,Ath Bilbao,Alaves,2,0,H,1,0,H,,,,,,,,,,,,,
21/12/02,Ath Madrid,Santander,1,2,A,0,1,A,,,,,,,,,,,,,
21/12/02,Celta,Villarreal,3,1,H,2,1,H,,,,,,,,,,,,,
21/12/02,Malaga,Real Madrid,2,3,A,2,0,H,,,,,,,,,,,,,
21/12/02,Mallorca,Barcelona,0,4,A,0,2,A,,,,,,,,,,,,,
21/12/02,Vallecano,Sevilla,0,1,A,0,0,D,,,,,,,,,,,,,
22/12/02,Betis,Osasuna,2,1,H,1,0,H,,,,,,,,,,,,,
22/12/02,Espanol,Valladolid,1,0,H,1,0,H,,,,,,,,,,,,,
22/12/02,Recreativo,Sociedad,1,3,A,1,1,D,,,,,,,,,,,,,
22/12/02,Valencia,La Coruna,0,1,A,0,1,A,,,,,,,,,,,,,
02/01/03,Real Madrid,Sevilla,3,0,H,2,0,H,,,,,,,,,,,,,
04/01/03,La Coruna,Celta,3,0,H,1,0,H,,,,,,,,,,,,,
04/01/03,Osasuna,Vallecano,0,1,A,0,1,A,,,,,,,,,,,,,
04/01/03,Santander,Ath Bilbao,3,4,A,3,1,H,,,,,,,,,,,,,
04/01/03,Valladolid,Betis,3,0,H,0,0,D,,,,,,,,,,,,,
05/01/03,Alaves,Espanol,2,1,H,1,1,D,,,,,,,,,,,,,
05/01/03,Barcelona,Recreativo,3,0,H,2,0,H,,,,,,,,,,,,,
05/01/03,Real Madrid,Valencia,4,1,H,1,0,H,,,,,,,,,,,,,
05/01/03,Sevilla,Mallorca,3,0,H,2,0,H,,,,,,,,,,,,,
05/01/03,Sociedad,Malaga,2,2,D,2,1,H,,,,,,,,,,,,,
05/01/03,Villarreal,Ath Madrid,4,3,H,3,2,H,,,,,,,,,,,,,
11/01/03,Celta,Real Madrid,0,1,A,0,1,A,,,,,,,,,,,,,
11/01/03,Valencia,Sociedad,2,2,D,1,0,H,,,,,,,,,,,,,
12/01/03,Ath Bilbao,Villarreal,0,1,A,0,1,A,,,,,,,,,,,,,
12/01/03,Ath Madrid,La Coruna,3,1,H,1,1,D,,,,,,,,,,,,,
12/01/03,Betis,Alaves,2,2,D,1,0,H,,,,,,,,,,,,,
12/01/03,Espanol,Santander,3,0,H,1,0,H,,,,,,,,,,,,,
12/01/03,Malaga,Barcelona,0,0,D,0,0,D,,,,,,,,,,,,,
12/01/03,Osasuna,Valladolid,1,1,D,0,1,A,,,,,,,,,,,,,
12/01/03,Recreativo,Sevilla,0,0,D,0,0,D,,,,,,,,,,,,,
12/01/03,Vallecano,Mallorca,1,2,A,0,0,D,,,,,,,,,,,,,
18/01/03,Barcelona,Valencia,2,4,A,1,2,A,,,,,,,,,,,,,
18/01/03,Sociedad,Celta,1,0,H,0,0,D,,,,,,,,,,,,,
19/01/03,Alaves,Osasuna,1,1,D,1,0,H,,,,,,,,,,,,,
19/01/03,La Coruna,Ath Bilbao,2,1,H,0,0,D,,,,,,,,,,,,,
19/01/03,Mallorca,Recreativo,1,1,D,0,0,D,,,,,,,,,,,,,
19/01/03,Real Madrid,Ath Madrid,2,2,D,2,1,H,,,,,,,,,,,,,
19/01/03,Santander,Betis,0,1,A,0,0,D,,,,,,,,,,,,,
19/01/03,Sevilla,Malaga,0,0,D,0,0,D,,,,,,,,,,,,,
19/01/03,Vallecano,Valladolid,0,1,A,0,1,A,,,,,,,,,,,,,
19/01/03,Villarreal,Espanol,0,0,D,0,0,D,,,,,,,,,,,,,
25/01/03,Ath Madrid,Sociedad,1,2,A,0,0,D,,,,,,,,,,,,,
26/01/03,Ath Bilbao,Real Madrid,1,1,D,0,0,D,,,,,,,,,,,,,
26/01/03,Betis,Villarreal,2,1,H,1,0,H,,,,,,,,,,,,,
26/01/03,Celta,Barcelona,2,0,H,0,0,D,,,,,,,,,,,,,
26/01/03,Espanol,La Coruna,3,1,H,3,1,H,,,,,,,,,,,,,
26/01/03,Malaga,Mallorca,1,0,H,0,0,D,,,,,,,,,,,,,
26/01/03,Osasuna,Santander,3,1,H,2,1,H,,,,,,,,,,,,,
26/01/03,Recreativo,Vallecano,2,1,H,0,1,A,,,,,,,,,,,,,
26/01/03,Valencia,Sevilla,1,0,H,1,0,H,,,,,,,,,,,,,
26/01/03,Valladolid,Alaves,1,3,A,0,1,A,,,,,,,,,,,,,
01/02/03,Ath Madrid,Barcelona,3,0,H,1,0,H,,,,,,,,,,,,,
02/02/03,Alaves,Vallecano,1,1,D,0,1,A,,,,,,,,,,,,,
02/02/03,Ath Bilbao,Sociedad,3,0,H,1,0,H,,,,,,,,,,,,,
02/02/03,Betis,La Coruna,0,2,A,0,0,D,,,,,,,,,,,,,
02/02/03,Celta,Sevilla,0,1,A,0,0,D,,,,,,,,,,,,,
02/02/03,Espanol,Real Madrid,2,2,D,2,0,H,,,,,,,,,,,,,
02/02/03,Malaga,Recreativo,4,0,H,0,0,D,,,,,,,,,,,,,
02/02/03,Osasuna,Villarreal,0,1,A,0,1,A,,,,,,,,,,,,,
02/02/03,Valencia,Mallorca,1,0,H,0,0,D,,,,,,,,,,,,,
02/02/03,Valladolid,Santander,2,1,H,1,1,D,,,,,,,,,,,,,
08/02/03,Real Madrid,Betis,4,1,H,1,1,D,,,,,,,,,,,,,
08/02/03,Villarreal,Valladolid,1,0,H,1,0,H,,,,,,,,,,,,,
09/02/03,Barcelona,Ath Bilbao,2,2,D,2,0,H,,,,,,,,,,,,,
09/02/03,La Coruna,Osasuna,1,1,D,0,0,D,,,,,,,,,,,,,
09/02/03,Mallorca,Celta,0,2,A,0,0,D,,,,,,,,,,,,,
09/02/03,Recreativo,Valencia,1,1,D,1,0,H,,,,,,,,,,,,,
09/02/03,Santander,Alaves,2,0,H,1,0,H,,,,,,,,,,,,,
09/02/03,Sevilla,Ath Madrid,1,1,D,0,0,D,,,,,,,,,,,,,
09/02/03,Sociedad,Espanol,0,0,D,0,0,D,,,,,,,,,,,,,
09/02/03,Vallecano,Malaga,2,1,H,1,0,H,,,,,,,,,,,,,
15/02/03,Espanol,Barcelona,0,2,A,0,2,A,,,,,,,,,,,,,
15/02/03,Valencia,Malaga,2,0,H,0,0,D,,,,,,,,,,,,,
15/02/03,Valladolid,La Coruna,0,1,A,0,0,D,,,,,,,,,,,,,
16/02/03,Alaves,Villarreal,1,0,H,0,0,D,,,,,,,,,,,,,
16/02/03,Ath Bilbao,Sevilla,2,0,H,0,0,D,,,,,,,,,,,,,
16/02/03,Ath Madrid,Mallorca,2,1,H,1,1,D,,,,,,,,,,,,,
16/02/03,Betis,Sociedad,3,2,H,1,0,H,,,,,,,,,,,,,
16/02/03,Celta,Recreativo,4,1,H,1,0,H,,,,,,,,,,,,,
16/02/03,Osasuna,Real Madrid,1,0,H,1,0,H,,,,,,,,,,,,,
16/02/03,Santander,Vallecano,2,0,H,2,0,H,,,,,,,,,,,,,
22/02/03,Barcelona,Betis,4,0,H,3,0,H,,,,,,,,,,,,,
22/02/03,La Coruna,Alaves,6,0,H,3,0,H,,,,,,,,,,,,,
22/02/03,Real Madrid,Valladolid,3,1,H,2,1,H,,,,,,,,,,,,,
23/02/03,Malaga,Celta,1,1,D,0,1,A,,,,,,,,,,,,,
23/02/03,Mallorca,Ath Bilbao,1,1,D,1,1,D,,,,,,,,,,,,,
23/02/03,Recreativo,Ath Madrid,3,0,H,0,0,D,,,,,,,,,,,,,
23/02/03,Sevilla,Espanol,1,0,H,1,0,H,,,,,,,,,,,,,
23/02/03,Sociedad,Osasuna,2,0,H,1,0,H,,,,,,,,,,,,,
23/02/03,Vallecano,Valencia,0,4,A,0,3,A,,,,,,,,,,,,,
23/02/03,Villarreal,Santander,0,3,A,0,0,D,,,,,,,,,,,,,
01/03/03,Alaves,Real Madrid,1,5,A,0,2,A,,,,,,,,,,,,,
01/03/03,Ath Bilbao,Recreativo,2,3,A,0,3,A,,,,,,,,,,,,,
01/03/03,Espanol,Mallorca,2,0,H,2,0,H,,,,,,,,,,,,,
02/03/03,Ath Madrid,Malaga,2,1,H,1,0,H,,,,,,,,,,,,,
02/03/03,Betis,Sevilla,0,1,A,0,0,D,,,,,,,,,,,,,
02/03/03,Celta,Valencia,1,1,D,1,1,D,,,,,,,,,,,,,
02/03/03,Osasuna,Barcelona,2,2,D,0,0,D,,,,,,,,,,,,,
02/03/03,Santander,La Coruna,1,2,A,0,1,A,,,,,,,,,,,,,
02/03/03,Valladolid,Sociedad,3,0,H,3,0,H,,,,,,,,,,,,,
02/03/03,Villarreal,Vallecano,2,1,H,1,0,H,,,,,,,,,,,,,
08/03/03,Barcelona,Valladolid,1,1,D,1,0,H,,,,,,,,,,,,,
08/03/03,La Coruna,Villarreal,2,1,H,2,1,H,,,,,,,,,,,,,
08/03/03,Real Madrid,Santander,4,1,H,2,0,H,,,,,,,,,,,,,
08/03/03,Valencia,Ath Madrid,0,1,A,0,0,D,,,,,,,,,,,,,
09/03/03,Malaga,Ath Bilbao,3,0,H,1,0,H,,,,,,,,,,,,,
09/03/03,Mallorca,Betis,2,1,H,1,1,D,,,,,,,,,,,,,
09/03/03,Recreativo,Espanol,0,0,D,0,0,D,,,,,,,,,,,,,
09/03/03,Sevilla,Osasuna,2,0,H,2,0,H,,,,,,,,,,,,,
09/03/03,Sociedad,Alaves,3,1,H,3,0,H,,,,,,,,,,,,,
09/03/03,Vallecano,Celta,1,0,H,0,0,D,,,,,,,,,,,,,
15/03/03,La Coruna,Vallecano,2,0,H,1,0,H,,,,,,,,,,,,,
15/03/03,Santander,Sociedad,1,2,A,1,1,D,,,,,,,,,,,,,
15/03/03,Villarreal,Real Madrid,0,1,A,0,0,D,,,,,,,,,,,,,
16/03/03,Alaves,Barcelona,0,0,D,0,0,D,,,,,,,,,,,,,
16/03/03,Ath Bilbao,Valencia,1,0,H,1,0,H,,,,,,,,,,,,,
16/03/03,Ath Madrid,Celta,0,1,A,0,0,D,,,,,,,,,,,,,
16/03/03,Betis,Recreativo,1,1,D,1,0,H,,,,,,,,,,,,,
16/03/03,Espanol,Malaga,2,1,H,0,0,D,,,,,,,,,,,,,
16/03/03,Osasuna,Mallorca,0,0,D,0,0,D,,,,,,,,,,,,,
16/03/03,Valladolid,Sevilla,0,0,D,0,0,D,,,,,,,,,,,,,
22/03/03,Vallecano,Ath Madrid,0,0,D,0,0,D,,,,,,,,,,,,,
23/03/03,Barcelona,Santander,6,1,H,3,0,H,,,,,,,,,,,,,
23/03/03,Celta,Ath Bilbao,2,1,H,1,1,D,,,,,,,,,,,,,
23/03/03,Malaga,Betis,0,0,D,0,0,D,,,,,,,,,,,,,
23/03/03,Mallorca,Valladolid,2,1,H,0,1,A,,,,,,,,,,,,,
23/03/03,Real Madrid,La Coruna,2,0,H,1,0,H,,,,,,,,,,,,,
23/03/03,Recreativo,Osasuna,1,1,D,0,0,D,,,,,,,,,,,,,
23/03/03,Sevilla,Alaves,3,2,H,1,0,H,,,,,,,,,,,,,
23/03/03,Sociedad,Villarreal,2,2,D,1,0,H,,,,,,,,,,,,,
23/03/03,Valencia,Espanol,1,1,D,0,1,A,,,,,,,,,,,,,
05/04/03,Betis,Valencia,2,0,H,1,0,H,,,,,,,,,,,,,
05/04/03,Espanol,Celta,0,0,D,0,0,D,,,,,,,,,,,,,
05/04/03,Real Madrid,Vallecano,3,1,H,0,1,A,,,,,,,,,,,,,
05/04/03,Villarreal,Barcelona,2,0,H,0,0,D,,,,,,,,,,,,,
06/04/03,Alaves,Mallorca,0,0,D,0,0,D,,,,,,,,,,,,,
06/04/03,Ath Bilbao,Ath Madrid,1,0,H,0,0,D,,,,,,,,,,,,,
06/04/03,La Coruna,Sociedad,2,1,H,1,1,D,,,,,,,,,,,,,
06/04/03,Osasuna,Malaga,0,1,A,0,0,D,,,,,,,,,,,,,
06/04/03,Santander,Sevilla,1,0,H,1,0,H,,,,,,,,,,,,,
06/04/03,Valladolid,Recreativo,0,1,A,0,1,A,,,,,,,,,,,,,
12/04/03,Barcelona,La Coruna,2,4,A,2,1,H,,,,,,,,,,,,,
12/04/03,Sevilla,Villarreal,3,1,H,1,1,D,,,,,,,,,,,,,
13/04/03,Ath Madrid,Espanol,3,3,D,0,1,A,,,,,,,,,,,,,
13/04/03,Celta,Betis,1,0,H,1,0,H,,,,,,,,,,,,,
13/04/03,Malaga,Valladolid,1,0,H,0,0,D,,,,,,,,,,,,,
13/04/03,Mallorca,Santander,3,3,D,1,3,A,,,,,,,,,,,,,
13/04/03,Recreativo,Alaves,1,0,H,1,0,H,,,,,,,,,,,,,
13/04/03,Sociedad,Real Madrid,4,2,H,4,1,H,,,,,,,,,,,,,
13/04/03,Valencia,Osasuna,1,0,H,1,0,H,,,,,,,,,,,,,
13/04/03,Vallecano,Ath Bilbao,1,1,D,0,0,D,,,,,,,,,,,,,
19/04/03,Real Madrid,Barcelona,1,1,D,1,1,D,,,,,,,,,,,,,
19/04/03,Valladolid,Valencia,1,0,H,0,0,D,,,,,,,,,,,,,
19/04/03,Villarreal,Mallorca,1,1,D,1,1,D,,,,,,,,,,,,,
20/04/03,Alaves,Malaga,0,1,A,0,0,D,,,,,,,,,,,,,
20/04/03,Betis,Ath Madrid,2,2,D,0,1,A,,,,,,,,,,,,,
20/04/03,Espanol,Ath Bilbao,3,3,D,0,3,A,,,,,,,,,,,,,
20/04/03,La Coruna,Sevilla,3,1,H,2,0,H,,,,,,,,,,,,,
20/04/03,Osasuna,Celta,0,2,A,0,1,A,,,,,,,,,,,,,
20/04/03,Santander,Recreativo,1,0,H,0,0,D,,,,,,,,,,,,,
20/04/03,Sociedad,Vallecano,5,0,H,1,0,H,,,,,,,,,,,,,
26/04/03,Ath Bilbao,Betis,3,1,H,3,1,H,,,,,,,,,,,,,
26/04/03,Ath Madrid,Osasuna,0,1,A,0,1,A,,,,,,,,,,,,,
27/04/03,Barcelona,Sociedad,2,1,H,2,0,H,,,,,,,,,,,,,
27/04/03,Celta,Valladolid,0,0,D,0,0,D,,,,,,,,,,,,,
27/04/03,Malaga,Santander,2,2,D,0,0,D,,,,,,,,,,,,,
27/04/03,Mallorca,La Coruna,3,0,H,2,0,H,,,,,,,,,,,,,
27/04/03,Recreativo,Villarreal,5,0,H,1,0,H,,,,,,,,,,,,,
27/04/03,Sevilla,Real Madrid,1,3,A,1,1,D,,,,,,,,,,,,,
27/04/03,Valencia,Alaves,3,0,H,1,0,H,,,,,,,,,,,,,
27/04/03,Vallecano,Espanol,0,3,A,0,1,A,,,,,,,,,,,,,
03/05/03,Real Madrid,Mallorca,1,5,A,1,0,H,,,,,,,,,,,,,
03/05/03,Sociedad,Sevilla,1,0,H,1,0,H,,,,,,,,,,,,,
04/05/03,Alaves,Celta,0,0,D,0,0,D,,,,,,,,,,,,,
04/05/03,Barcelona,Vallecano,3,0,H,0,0,D,,,,,,,,,,,,,
04/05/03,Betis,Espanol,1,1,D,1,0,H,,,,,,,,,,,,,
04/05/03,La Coruna,Recreativo,5,0,H,4,0,H,,,,,,,,,,,,,
04/05/03,Osasuna,Ath Bilbao,1,5,A,0,3,A,,,,,,,,,,,,,
04/05/03,Santander,Valencia,2,1,H,2,1,H,,,,,,,,,,,,,
04/05/03,Valladolid,Ath Madrid,3,1,H,1,0,H,,,,,,,,,,,,,
04/05/03,Villarreal,Malaga,0,0,D,0,0,D,,,,,,,,,,,,,
10/05/03,Ath Bilbao,Valladolid,0,0,D,0,0,D,,,,,,,,,,,,,
10/05/03,Ath Madrid,Alaves,0,1,A,0,0,D,,,,,,,,,,,,,
10/05/03,Espanol,Osasuna,0,0,D,0,0,D,,,,,,,,,,,,,
10/05/03,Malaga,La Coruna,0,2,A,0,1,A,,,,,,,,,,,,,
10/05/03,Recreativo,Real Madrid,0,0,D,0,0,D,,,,,,,,,,,,,
11/05/03,Celta,Santander,2,2,D,1,0,H,,,,,,,,,,,,,
11/05/03,Mallorca,Sociedad,1,3,A,0,2,A,,,,,,,,,,,,,
11/05/03,Sevilla,Barcelona,0,0,D,0,0,D,,,,,,,,,,,,,
11/05/03,Valencia,Villarreal,1,2,A,0,2,A,,,,,,,,,,,,,
11/05/03,Vallecano,Betis,1,1,D,1,1,D,,,,,,,,,,,,,
17/05/03,La Coruna,Valencia,1,2,A,0,1,A,,,,,,,,,,,,,
17/05/03,Santander,Ath Madrid,0,2,A,0,0,D,,,,,,,,,,,,,
18/05/03,Alaves,Ath Bilbao,2,4,A,2,1,H,,,,,,,,,,,,,
18/05/03,Barcelona,Mallorca,1,2,A,0,1,A,,,,,,,,,,,,,
18/05/03,Osasuna,Betis,2,1,H,2,1,H,,,,,,,,,,,,,
18/05/03,Real Madrid,Malaga,5,1,H,3,0,H,,,,,,,,,,,,,
18/05/03,Sevilla,Vallecano,3,3,D,1,0,H,,,,,,,,,,,,,
18/05/03,Sociedad,Recreativo,1,0,H,1,0,H,,,,,,,,,,,,,
18/05/03,Valladolid,Espanol,1,1,D,1,1,D,,,,,,,,,,,,,
18/05/03,Villarreal,Celta,5,0,H,0,0,D,,,,,,,,,,,,,
24/05/03,Ath Bilbao,Santander,2,1,H,0,0,D,,,,,,,,,,,,,
24/05/03,Ath Madrid,Villarreal,3,2,H,1,2,A,,,,,,,,,,,,,
24/05/03,Celta,La Coruna,3,0,H,0,0,D,,,,,,,,,,,,,
24/05/03,Valencia,Real Madrid,1,2,A,1,1,D,,,,,,,,,,,,,
24/05/03,Vallecano,Osasuna,0,0,D,0,0,D,,,,,,,,,,,,,
25/05/03,Betis,Valladolid,2,2,D,0,0,D,,,,,,,,,,,,,
25/05/03,Espanol,Alaves,3,1,H,1,0,H,,,,,,,,,,,,,
25/05/03,Malaga,Sociedad,0,2,A,0,0,D,,,,,,,,,,,,,
25/05/03,Mallorca,Sevilla,1,3,A,1,1,D,,,,,,,,,,,,,
25/05/03,Recreativo,Barcelona,1,3,A,0,1,A,,,,,,,,,,,,,
31/05/03,Real Madrid,Celta,1,1,D,0,1,A,,,,,,,,,,,,,
01/06/03,Alaves,Betis,0,1,A,0,0,D,,,,,,,,,,,,,
01/06/03,Barcelona,Malaga,2,1,H,1,0,H,,,,,,,,,,,,,
01/06/03,La Coruna,Ath Madrid,3,2,H,1,1,D,,,,,,,,,,,,,
01/06/03,Mallorca,Vallecano,1,1,D,0,0,D,,,,,,,,,,,,,
01/06/03,Santander,Espanol,5,2,H,2,0,H,,,,,,,,,,,,,
01/06/03,Sevilla,Recreativo,1,0,H,0,0,D,,,,,,,,,,,,,
01/06/03,Sociedad,Valencia,1,1,D,1,1,D,,,,,,,,,,,,,
01/06/03,Valladolid,Osasuna,0,2,A,0,2,A,,,,,,,,,,,,,
01/06/03,Villarreal,Ath Bilbao,1,1,D,1,1,D,,,,,,,,,,,,,
14/06/03,Valladolid,Vallecano,2,0,H,0,0,D,,,,,,,,,,,,,
15/06/03,Ath Bilbao,La Coruna,3,2,H,2,0,H,,,,,,,,,,,,,
15/06/03,Ath Madrid,Real Madrid,0,4,A,0,3,A,,,,,,,,,,,,,
15/06/03,Betis,Santander,4,2,H,2,0,H,,,,,,,,,,,,,
15/06/03,Celta,Sociedad,3,2,H,1,0,H,,,,,,,,,,,,,
15/06/03,Espanol,Villarreal,2,2,D,1,0,H,,,,,,,,,,,,,
15/06/03,Malaga,Sevilla,3,2,H,1,1,D,,,,,,,,,,,,,
15/06/03,Osasuna,Alaves,4,2,H,1,1,D,,,,,,,,,,,,,
15/06/03,Recreativo,Mallorca,1,1,D,0,1,A,,,,,,,,,,,,,
15/06/03,Valencia,Barcelona,1,3,A,0,1,A,,,,,,,,,,,,,
21/06/03,Alaves,Valladolid,1,1,D,0,1,A,,,,,,,,,,,,,
21/06/03,La Coruna,Espanol,2,1,H,0,1,A,,,,,,,,,,,,,
21/06/03,Mallorca,Malaga,1,0,H,0,0,D,,,,,,,,,,,,,
21/06/03,Santander,Osasuna,2,3,A,1,2,A,,,,,,,,,,,,,
21/06/03,Sevilla,Valencia,0,3,A,0,2,A,,,,,,,,,,,,,
21/06/03,Vallecano,Recreativo,0,0,D,0,0,D,,,,,,,,,,,,,
22/06/03,Barcelona,Celta,2,0,H,1,0,H,,,,,,,,,,,,,
22/06/03,Real Madrid,Ath Bilbao,3,1,H,2,1,H,,,,,,,,,,,,,
22/06/03,Sociedad,Ath Madrid,3,0,H,0,0,D,,,,,,,,,,,,,
22/06/03,Villarreal,Betis,1,4,A,1,2,A,,,,,,,,,,,,,
