Date,HomeTeam,AwayTeam,FTHG,FTAG,FTR,HTHG,HTAG,HTR,Referee,HS,AS,HST,AST,HF,AF,HC,AC,HY,AY,HR,AR
28/08/04,Ath Madrid,Malaga,2,0,H,1,0,H,,,,,,,,,,,,,
28/08/04,Espanol,La Coruna,1,1,D,1,0,H,,,,,,,,,,,,,
28/08/04,Numancia,Betis,1,1,D,1,1,D,,,,,,,,,,,,,
29/08/04,Mallorca,Real Madrid,0,1,A,0,0,D,,,,,,,,,,,,,
29/08/04,Osasuna,Ath Bilbao,1,1,D,1,1,D,,,,,,,,,,,,,
29/08/04,Santander,Barcelona,0,2,A,0,0,D,,,,,,,,,,,,,
29/08/04,Sevilla,Albacete,1,0,H,0,0,D,,,,,,,,,,,,,
29/08/04,Sociedad,Levante,1,1,D,0,1,A,,,,,,,,,,,,,
29/08/04,Zaragoza,Getafe,3,1,H,1,1,D,,,,,,,,,,,,,
30/08/04,Valencia,Villarreal,2,1,H,2,0,H,,,,,,,,,,,,,
11/09/04,Ath Bilbao,Valencia,2,2,D,2,0,H,,,,,,,,,,,,,
11/09/04,Barcelona,Sevilla,2,0,H,1,0,H,,,,,,,,,,,,,
11/09/04,Real Madrid,Numancia,1,0,H,1,0,H,,,,,,,,,,,,,
12/09/04,Albacete,Ath Madrid,0,2,A,0,0,D,,,,,,,,,,,,,
12/09/04,Betis,Espanol,1,4,A,0,2,A,,,,,,,,,,,,,
12/09/04,Getafe,Mallorca,1,2,A,0,1,A,,,,,,,,,,,,,
12/09/04,La Coruna,Osasuna,1,3,A,1,0,H,,,,,,,,,,,,,
12/09/04,Levante,Santander,3,1,H,0,1,A,,,,,,,,,,,,,
12/09/04,Malaga,Zaragoza,0,0,D,0,0,D,,,,,,,,,,,,,
12/09/04,Villarreal,Sociedad,0,0,D,0,0,D,,,,,,,,,,,,,
18/09/04,Espanol,Real Madrid,1,0,H,1,0,H,,,,,,,,,,,,,
18/09/04,Osasuna,Betis,3,2,H,0,1,A,,,,,,,,,,,,,
18/09/04,Valencia,Sociedad,3,1,H,1,0,H,,,,,,,,,,,,,
19/09/04,Ath Bilbao,La Coruna,1,2,A,0,0,D,,,,,,,,,,,,,
19/09/04,Ath Madrid,Barcelona,1,1,D,0,1,A,,,,,,,,,,,,,
19/09/04,Mallorca,Malaga,1,2,A,0,1,A,,,,,,,,,,,,,
19/09/04,Numancia,Getafe,1,0,H,1,0,H,,,,,,,,,,,,,
19/09/04,Santander,Villarreal,1,1,D,0,0,D,,,,,,,,,,,,,
19/09/04,Sevilla,Levante,3,0,H,1,0,H,,,,,,,,,,,,,
19/09/04,Zaragoza,Albacete,4,3,H,1,2,A,,,,,,,,,,,,,
21/09/04,Real Madrid,Osasuna,1,0,H,0,0,D,,,,,,,,,,,,,
22/09/04,Albacete,Mallorca,0,0,D,0,0,D,,,,,,,,,,,,,
22/09/04,Betis,Ath Bilbao,2,1,H,1,1,D,,,,,,,,,,,,,
22/09/04,Getafe,Espanol,1,0,H,1,0,H,,,,,,,,,,,,,
22/09/04,La Coruna,Valencia,1,5,A,0,4,A,,,,,,,,,,,,,
22/09/04,Levante,Ath Madrid,1,0,H,1,0,H,,,,,,,,,,,,,
22/09/04,Malaga,Numancia,4,1,H,3,0,H,,,,,,,,,,,,,
22/09/04,Sociedad,Santander,0,1,A,0,1,A,,,,,,,,,,,,,
22/09/04,Villarreal,Sevilla,0,0,D,0,0,D,,,,,,,,,,,,,
23/09/04,Barcelona,Zaragoza,4,1,H,1,1,D,,,,,,,,,,,,,
25/09/04,Ath Bilbao,Real Madrid,2,1,H,2,0,H,,,,,,,,,,,,,
25/09/04,Ath Madrid,Villarreal,1,0,H,1,0,H,,,,,,,,,,,,,
25/09/04,La Coruna,Betis,1,1,D,0,0,D,,,,,,,,,,,,,
26/09/04,Espanol,Malaga,1,0,H,0,0,D,,,,,,,,,,,,,
26/09/04,Mallorca,Barcelona,1,3,A,0,3,A,,,,,,,,,,,,,
26/09/04,Numancia,Albacete,0,0,D,0,0,D,,,,,,,,,,,,,
26/09/04,Osasuna,Getafe,2,1,H,2,1,H,,,,,,,,,,,,,
26/09/04,Sevilla,Sociedad,2,1,H,1,1,D,,,,,,,,,,,,,
26/09/04,Valencia,Santander,2,0,H,2,0,H,,,,,,,,,,,,,
26/09/04,Zaragoza,Levante,4,3,H,1,2,A,,,,,,,,,,,,,
02/10/04,Betis,Valencia,1,1,D,1,1,D,,,,,,,,,,,,,
02/10/04,Sociedad,Ath Madrid,1,0,H,1,0,H,,,,,,,,,,,,,
03/10/04,Albacete,Espanol,1,0,H,0,0,D,,,,,,,,,,,,,
03/10/04,Barcelona,Numancia,1,0,H,0,0,D,,,,,,,,,,,,,
03/10/04,Getafe,Ath Bilbao,3,1,H,1,0,H,,,,,,,,,,,,,
03/10/04,Levante,Mallorca,2,0,H,2,0,H,,,,,,,,,,,,,
03/10/04,Malaga,Osasuna,2,0,H,1,0,H,,,,,,,,,,,,,
03/10/04,Real Madrid,La Coruna,0,1,A,0,1,A,,,,,,,,,,,,,
03/10/04,Santander,Sevilla,0,0,D,0,0,D,,,,,,,,,,,,,
03/10/04,Villarreal,Zaragoza,2,0,H,1,0,H,,,,,,,,,,,,,
16/10/04,Betis,Real Madrid,1,1,D,1,0,H,,,,,,,,,,,,,
16/10/04,Espanol,Barcelona,0,1,A,0,1,A,,,,,,,,,,,,,
16/10/04,La Coruna,Getafe,2,1,H,1,0,H,,,,,,,,,,,,,
17/10/04,Ath Bilbao,Malaga,1,0,H,1,0,H,,,,,,,,,,,,,
17/10/04,Ath Madrid,Santander,1,0,H,1,0,H,,,,,,,,,,,,,
17/10/04,Mallorca,Villarreal,1,1,D,1,1,D,,,,,,,,,,,,,
17/10/04,Numancia,Levante,1,3,A,0,1,A,,,,,,,,,,,,,
17/10/04,Osasuna,Albacete,3,2,H,2,1,H,,,,,,,,,,,,,
17/10/04,Valencia,Sevilla,1,2,A,0,0,D,,,,,,,,,,,,,
17/10/04,Zaragoza,Sociedad,2,1,H,1,1,D,,,,,,,,,,,,,
23/10/04,Malaga,La Coruna,1,1,D,1,0,H,,,,,,,,,,,,,
23/10/04,Real Madrid,Valencia,1,0,H,1,0,H,,,,,,,,,,,,,
24/10/04,Albacete,Ath Bilbao,1,0,H,1,0,H,,,,,,,,,,,,,
24/10/04,Barcelona,Osasuna,3,0,H,2,0,H,,,,,,,,,,,,,
24/10/04,Getafe,Betis,0,2,A,0,0,D,,,,,,,,,,,,,
24/10/04,Levante,Espanol,0,2,A,0,0,D,,,,,,,,,,,,,
24/10/04,Santander,Zaragoza,1,0,H,1,0,H,,,,,,,,,,,,,
24/10/04,Sevilla,Ath Madrid,2,1,H,1,0,H,,,,,,,,,,,,,
24/10/04,Sociedad,Mallorca,2,1,H,1,0,H,,,,,,,,,,,,,
24/10/04,Villarreal,Numancia,4,0,H,1,0,H,,,,,,,,,,,,,
30/10/04,Ath Bilbao,Barcelona,1,1,D,1,1,D,,,,,,,,,,,,,
30/10/04,Valencia,Ath Madrid,1,1,D,0,0,D,,,,,,,,,,,,,
31/10/04,Betis,Malaga,1,1,D,1,1,D,,,,,,,,,,,,,
31/10/04,Espanol,Villarreal,0,0,D,0,0,D,,,,,,,,,,,,,
31/10/04,La Coruna,Albacete,0,0,D,0,0,D,,,,,,,,,,,,,
31/10/04,Mallorca,Santander,1,2,A,0,1,A,,,,,,,,,,,,,
31/10/04,Numancia,Sociedad,0,2,A,0,0,D,,,,,,,,,,,,,
31/10/04,Osasuna,Levante,0,1,A,0,1,A,,,,,,,,,,,,,
31/10/04,Real Madrid,Getafe,2,0,H,1,0,H,,,,,,,,,,,,,
31/10/04,Zaragoza,Sevilla,3,0,H,2,0,H,,,,,,,,,,,,,
06/11/04,Albacete,Betis,0,0,D,0,0,D,,,,,,,,,,,,,
06/11/04,Barcelona,La Coruna,2,1,H,2,1,H,,,,,,,,,,,,,
07/11/04,Ath Madrid,Zaragoza,1,1,D,0,1,A,,,,,,,,,,,,,
07/11/04,Getafe,Valencia,1,0,H,1,0,H,,,,,,,,,,,,,
07/11/04,Levante,Ath Bilbao,1,0,H,0,0,D,,,,,,,,,,,,,
07/11/04,Malaga,Real Madrid,0,2,A,0,1,A,,,,,,,,,,,,,
07/11/04,Santander,Numancia,2,0,H,0,0,D,,,,,,,,,,,,,
07/11/04,Sevilla,Mallorca,1,1,D,0,0,D,,,,,,,,,,,,,
07/11/04,Sociedad,Espanol,0,2,A,0,0,D,,,,,,,,,,,,,
07/11/04,Villarreal,Osasuna,3,0,H,2,0,H,,,,,,,,,,,,,
13/11/04,Ath Bilbao,Villarreal,2,1,H,0,0,D,,,,,,,,,,,,,
13/11/04,Espanol,Santander,2,1,H,1,0,H,,,,,,,,,,,,,
13/11/04,Getafe,Malaga,1,0,H,0,0,D,,,,,,,,,,,,,
13/11/04,La Coruna,Levante,1,0,H,0,0,D,,,,,,,,,,,,,
13/11/04,Numancia,Sevilla,2,1,H,0,0,D,,,,,,,,,,,,,
13/11/04,Osasuna,Sociedad,1,0,H,0,0,D,,,,,,,,,,,,,
13/11/04,Valencia,Zaragoza,0,0,D,0,0,D,,,,,,,,,,,,,
14/11/04,Betis,Barcelona,2,1,H,0,0,D,,,,,,,,,,,,,
14/11/04,Mallorca,Ath Madrid,1,1,D,1,0,H,,,,,,,,,,,,,
14/11/04,Real Madrid,Albacete,6,1,H,3,1,H,,,,,,,,,,,,,
20/11/04,Barcelona,Real Madrid,3,0,H,2,0,H,,,,,,,,,,,,,
20/11/04,Malaga,Valencia,0,2,A,0,1,A,,,,,,,,,,,,,
20/11/04,Villarreal,La Coruna,0,2,A,0,1,A,,,,,,,,,,,,,
21/11/04,Albacete,Getafe,1,1,D,0,0,D,,,,,,,,,,,,,
21/11/04,Ath Madrid,Numancia,2,0,H,0,0,D,,,,,,,,,,,,,
21/11/04,Levante,Betis,1,2,A,1,1,D,,,,,,,,,,,,,
21/11/04,Santander,Osasuna,1,1,D,0,1,A,,,,,,,,,,,,,
21/11/04,Sevilla,Espanol,1,0,H,1,0,H,,,,,,,,,,,,,
21/11/04,Sociedad,Ath Bilbao,3,2,H,0,2,A,,,,,,,,,,,,,
21/11/04,Zaragoza,Mallorca,0,1,A,0,1,A,,,,,,,,,,,,,
27/11/04,Ath Bilbao,Santander,3,0,H,2,0,H,,,,,,,,,,,,,
27/11/04,Espanol,Ath Madrid,2,1,H,0,0,D,,,,,,,,,,,,,
27/11/04,Getafe,Barcelona,1,2,A,0,2,A,,,,,,,,,,,,,
28/11/04,Betis,Villarreal,2,1,H,2,0,H,,,,,,,,,,,,,
28/11/04,La Coruna,Sociedad,2,2,D,2,1,H,,,,,,,,,,,,,
28/11/04,Malaga,Albacete,0,2,A,0,1,A,,,,,,,,,,,,,
28/11/04,Numancia,Zaragoza,2,1,H,2,1,H,,,,,,,,,,,,,
28/11/04,Osasuna,Sevilla,4,1,H,1,1,D,,,,,,,,,,,,,
28/11/04,Real Madrid,Levante,5,0,H,1,0,H,,,,,,,,,,,,,
28/11/04,Valencia,Mallorca,2,0,H,1,0,H,,,,,,,,,,,,,
04/12/04,Albacete,Valencia,0,1,A,0,0,D,,,,,,,,,,,,,
04/12/04,Barcelona,Malaga,4,0,H,2,0,H,,,,,,,,,,,,,
04/12/04,Sociedad,Betis,1,0,H,1,0,H,,,,,,,,,,,,,
05/12/04,Ath Madrid,Osasuna,3,2,H,2,1,H,,,,,,,,,,,,,
05/12/04,Levante,Getafe,0,0,D,0,0,D,,,,,,,,,,,,,
05/12/04,Mallorca,Numancia,3,2,H,0,1,A,,,,,,,,,,,,,
05/12/04,Santander,La Coruna,2,2,D,1,0,H,,,,,,,,,,,,,
05/12/04,Sevilla,Ath Bilbao,2,0,H,0,0,D,,,,,,,,,,,,,
05/12/04,Villarreal,Real Madrid,0,0,D,0,0,D,,,,,,,,,,,,,
05/12/04,Zaragoza,Espanol,0,1,A,0,1,A,,,,,,,,,,,,,
11/12/04,Albacete,Barcelona,1,2,A,0,1,A,,,,,,,,,,,,,
11/12/04,Ath Bilbao,Ath Madrid,1,0,H,1,0,H,,,,,,,,,,,,,
12/12/04,Betis,Santander,2,1,H,1,0,H,,,,,,,,,,,,,
12/12/04,Espanol,Mallorca,2,1,H,2,0,H,,,,,,,,,,,,,
12/12/04,Getafe,Villarreal,1,2,A,0,1,A,,,,,,,,,,,,,
12/12/04,La Coruna,Sevilla,2,2,D,0,1,A,,,,,,,,,,,,,
12/12/04,Malaga,Levante,1,0,H,0,0,D,,,,,,,,,,,,,
12/12/04,Osasuna,Zaragoza,2,2,D,1,1,D,,,,,,,,,,,,,
12/12/04,Valencia,Numancia,1,0,H,1,0,H,,,,,,,,,,,,,
18/12/04,Barcelona,Valencia,1,1,D,0,0,D,,,,,,,,,,,,,
18/12/04,Levante,Albacete,1,1,D,1,1,D,,,,,,,,,,,,,
18/12/04,Santander,Real Madrid,2,3,A,1,1,D,,,,,,,,,,,,,
19/12/04,Ath Madrid,La Coruna,1,0,H,1,0,H,,,,,,,,,,,,,
19/12/04,Mallorca,Osasuna,1,2,A,0,2,A,,,,,,,,,,,,,
19/12/04,Numancia,Espanol,0,0,D,0,0,D,,,,,,,,,,,,,
19/12/04,Sevilla,Betis,2,1,H,1,1,D,,,,,,,,,,,,,
19/12/04,Sociedad,Getafe,1,1,D,0,0,D,,,,,,,,,,,,,
19/12/04,Villarreal,Malaga,3,0,H,1,0,H,,,,,,,,,,,,,
19/12/04,Zaragoza,Ath Bilbao,0,2,A,0,0,D,,,,,,,,,,,,,
21/12/04,Barcelona,Levante,2,1,H,1,0,H,,,,,,,,,,,,,
21/12/04,Betis,Ath Madrid,1,0,H,1,0,H,,,,,,,,,,,,,
22/12/04,Albacete,Villarreal,2,2,D,1,2,A,,,,,,,,,,,,,
22/12/04,Ath Bilbao,Mallorca,4,0,H,2,0,H,,,,,,,,,,,,,
22/12/04,Getafe,Santander,2,0,H,2,0,H,,,,,,,,,,,,,
22/12/04,La Coruna,Zaragoza,2,3,A,0,1,A,,,,,,,,,,,,,
22/12/04,Malaga,Sociedad,1,5,A,1,1,D,,,,,,,,,,,,,
22/12/04,Osasuna,Numancia,2,0,H,0,0,D,,,,,,,,,,,,,
22/12/04,Real Madrid,Sevilla,0,1,A,0,1,A,,,,,,,,,,,,,
22/12/04,Valencia,Espanol,3,0,H,1,0,H,,,,,,,,,,,,,
05/01/05,Real Madrid,Sociedad,2,1,H,1,0,H,,,,,,,,,,,,,
08/01/05,Numancia,Ath Bilbao,1,1,D,0,1,A,,,,,,,,,,,,,
08/01/05,Sevilla,Getafe,0,0,D,0,0,D,,,,,,,,,,,,,
08/01/05,Valencia,Levante,2,1,H,0,0,D,,,,,,,,,,,,,
09/01/05,Ath Madrid,Real Madrid,0,3,A,0,1,A,,,,,,,,,,,,,
09/01/05,Espanol,Osasuna,4,1,H,3,1,H,,,,,,,,,,,,,
09/01/05,Mallorca,La Coruna,2,2,D,0,0,D,,,,,,,,,,,,,
09/01/05,Santander,Malaga,2,1,H,2,0,H,,,,,,,,,,,,,
09/01/05,Sociedad,Albacete,0,2,A,0,1,A,,,,,,,,,,,,,
09/01/05,Villarreal,Barcelona,3,0,H,1,0,H,,,,,,,,,,,,,
09/01/05,Zaragoza,Betis,1,0,H,1,0,H,,,,,,,,,,,,,
15/01/05,Getafe,Ath Madrid,1,1,D,0,1,A,,,,,,,,,,,,,
15/01/05,Malaga,Sevilla,1,0,H,0,0,D,,,,,,,,,,,,,
16/01/05,Albacete,Santander,0,0,D,0,0,D,,,,,,,,,,,,,
16/01/05,Ath Bilbao,Espanol,1,1,D,1,1,D,,,,,,,,,,,,,
16/01/05,Barcelona,Sociedad,1,0,H,0,0,D,,,,,,,,,,,,,
16/01/05,Betis,Mallorca,2,0,H,1,0,H,,,,,,,,,,,,,
16/01/05,La Coruna,Numancia,1,1,D,0,0,D,,,,,,,,,,,,,
16/01/05,Levante,Villarreal,2,4,A,0,2,A,,,,,,,,,,,,,
16/01/05,Osasuna,Valencia,0,0,D,0,0,D,,,,,,,,,,,,,
16/01/05,Real Madrid,Zaragoza,3,1,H,1,1,D,,,,,,,,,,,,,
22/01/05,Ath Bilbao,Osasuna,4,3,H,0,1,A,,,,,,,,,,,,,
22/01/05,Barcelona,Santander,3,0,H,1,0,H,,,,,,,,,,,,,
23/01/05,Albacete,Sevilla,0,2,A,0,2,A,,,,,,,,,,,,,
23/01/05,Betis,Numancia,4,0,H,3,0,H,,,,,,,,,,,,,
23/01/05,Getafe,Zaragoza,3,0,H,3,0,H,,,,,,,,,,,,,
23/01/05,La Coruna,Espanol,4,1,H,2,1,H,,,,,,,,,,,,,
23/01/05,Levante,Sociedad,2,1,H,1,0,H,,,,,,,,,,,,,
23/01/05,Malaga,Ath Madrid,1,0,H,0,0,D,,,,,,,,,,,,,
23/01/05,Real Madrid,Mallorca,3,1,H,1,1,D,,,,,,,,,,,,,
23/01/05,Villarreal,Valencia,3,1,H,2,0,H,,,,,,,,,,,,,
29/01/05,Ath Madrid,Albacete,3,1,H,3,1,H,,,,,,,,,,,,,
29/01/05,Sevilla,Barcelona,0,4,A,0,0,D,,,,,,,,,,,,,
30/01/05,Espanol,Betis,2,2,D,1,0,H,,,,,,,,,,,,,
30/01/05,Mallorca,Getafe,3,1,H,2,1,H,,,,,,,,,,,,,
30/01/05,Numancia,Real Madrid,1,2,A,0,0,D,,,,,,,,,,,,,
30/01/05,Osasuna,La Coruna,1,1,D,0,0,D,,,,,,,,,,,,,
30/01/05,Santander,Levante,2,2,D,1,0,H,,,,,,,,,,,,,
30/01/05,Sociedad,Villarreal,0,4,A,0,0,D,,,,,,,,,,,,,
30/01/05,Valencia,Ath Bilbao,2,2,D,0,1,A,,,,,,,,,,,,,
30/01/05,Zaragoza,Malaga,1,0,H,1,0,H,,,,,,,,,,,,,
05/02/05,Real Madrid,Espanol,4,0,H,2,0,H,,,,,,,,,,,,,
05/02/05,Sociedad,Valencia,3,3,D,1,1,D,,,,,,,,,,,,,
06/02/05,Albacete,Zaragoza,2,1,H,0,1,A,,,,,,,,,,,,,
06/02/05,Barcelona,Ath Madrid,0,2,A,0,1,A,,,,,,,,,,,,,
06/02/05,Betis,Osasuna,3,1,H,2,1,H,,,,,,,,,,,,,
06/02/05,Getafe,Numancia,1,0,H,1,0,H,,,,,,,,,,,,,
06/02/05,La Coruna,Ath Bilbao,1,1,D,0,0,D,,,,,,,,,,,,,
06/02/05,Levante,Sevilla,0,3,A,0,1,A,,,,,,,,,,,,,
06/02/05,Malaga,Mallorca,0,0,D,0,0,D,,,,,,,,,,,,,
06/02/05,Villarreal,Santander,2,1,H,0,1,A,,,,,,,,,,,,,
12/02/05,Valencia,La Coruna,1,2,A,0,1,A,,,,,,,,,,,,,
12/02/05,Zaragoza,Barcelona,1,4,A,0,3,A,,,,,,,,,,,,,
13/02/05,Ath Bilbao,Betis,4,4,D,2,3,A,,,,,,,,,,,,,
13/02/05,Ath Madrid,Levante,0,0,D,0,0,D,,,,,,,,,,,,,
13/02/05,Espanol,Getafe,2,0,H,0,0,D,,,,,,,,,,,,,
13/02/05,Mallorca,Albacete,2,1,H,0,1,A,,,,,,,,,,,,,
13/02/05,Numancia,Malaga,0,1,A,0,1,A,,,,,,,,,,,,,
13/02/05,Osasuna,Real Madrid,1,2,A,1,0,H,,,,,,,,,,,,,
13/02/05,Santander,Sociedad,1,3,A,0,3,A,,,,,,,,,,,,,
13/02/05,Sevilla,Villarreal,2,1,H,1,0,H,,,,,,,,,,,,,
19/02/05,Barcelona,Mallorca,2,0,H,1,0,H,,,,,,,,,,,,,
19/02/05,Real Madrid,Ath Bilbao,0,2,A,0,0,D,,,,,,,,,,,,,
19/02/05,Sociedad,Sevilla,1,0,H,0,0,D,,,,,,,,,,,,,
20/02/05,Albacete,Numancia,1,2,A,1,0,H,,,,,,,,,,,,,
20/02/05,Betis,La Coruna,2,0,H,1,0,H,,,,,,,,,,,,,
20/02/05,Getafe,Osasuna,0,0,D,0,0,D,,,,,,,,,,,,,
20/02/05,Levante,Zaragoza,0,0,D,0,0,D,,,,,,,,,,,,,
20/02/05,Malaga,Espanol,3,2,H,2,0,H,,,,,,,,,,,,,
20/02/05,Santander,Valencia,1,0,H,0,0,D,,,,,,,,,,,,,
20/02/05,Villarreal,Ath Madrid,3,2,H,0,2,A,,,,,,,,,,,,,
26/02/05,Espanol,Albacete,2,1,H,2,0,H,,,,,,,,,,,,,
26/02/05,La Coruna,Real Madrid,2,0,H,2,0,H,,,,,,,,,,,,,
26/02/05,Mallorca,Levante,1,2,A,0,0,D,,,,,,,,,,,,,
26/02/05,Numancia,Barcelona,1,1,D,1,0,H,,,,,,,,,,,,,
27/02/05,Ath Madrid,Sociedad,1,0,H,1,0,H,,,,,,,,,,,,,
27/02/05,Osasuna,Malaga,1,6,A,0,3,A,,,,,,,,,,,,,
27/02/05,Sevilla,Santander,2,2,D,1,1,D,,,,,,,,,,,,,
27/02/05,Valencia,Betis,2,1,H,1,1,D,,,,,,,,,,,,,
27/02/05,Zaragoza,Villarreal,1,0,H,1,0,H,,,,,,,,,,,,,
01/03/05,Barcelona,Espanol,0,0,D,0,0,D,,,,,,,,,,,,,
02/03/05,Albacete,Osasuna,1,1,D,0,0,D,,,,,,,,,,,,,
02/03/05,Getafe,La Coruna,1,1,D,0,1,A,,,,,,,,,,,,,
02/03/05,Levante,Numancia,1,1,D,1,1,D,,,,,,,,,,,,,
02/03/05,Malaga,Ath Bilbao,1,0,H,1,0,H,,,,,,,,,,,,,
02/03/05,Real Madrid,Betis,3,1,H,2,0,H,,,,,,,,,,,,,
02/03/05,Santander,Ath Madrid,2,1,H,1,1,D,,,,,,,,,,,,,
02/03/05,Sevilla,Valencia,2,2,D,1,1,D,,,,,,,,,,,,,
02/03/05,Sociedad,Zaragoza,2,1,H,1,1,D,,,,,,,,,,,,,
02/03/05,Villarreal,Mallorca,2,1,H,0,1,A,,,,,,,,,,,,,
05/03/05,Ath Madrid,Sevilla,3,0,H,3,0,H,,,,,,,,,,,,,
05/03/05,Osasuna,Barcelona,0,1,A,0,1,A,,,,,,,,,,,,,
05/03/05,Valencia,Real Madrid,1,1,D,1,1,D,,,,,,,,,,,,,
06/03/05,Ath Bilbao,Albacete,3,1,H,1,1,D,,,,,,,,,,,,,
06/03/05,Betis,Getafe,2,2,D,1,1,D,,,,,,,,,,,,,
06/03/05,Espanol,Levante,2,1,H,1,1,D,,,,,,,,,,,,,
06/03/05,La Coruna,Malaga,1,0,H,1,0,H,,,,,,,,,,,,,
06/03/05,Mallorca,Sociedad,3,2,H,2,2,D,,,,,,,,,,,,,
06/03/05,Numancia,Villarreal,1,1,D,0,1,A,,,,,,,,,,,,,
06/03/05,Zaragoza,Santander,1,0,H,0,0,D,,,,,,,,,,,,,
12/03/05,Barcelona,Ath Bilbao,2,0,H,2,0,H,,,,,,,,,,,,,
12/03/05,Malaga,Betis,1,2,A,1,2,A,,,,,,,,,,,,,
13/03/05,Albacete,La Coruna,0,1,A,0,1,A,,,,,,,,,,,,,
13/03/05,Ath Madrid,Valencia,1,0,H,1,0,H,,,,,,,,,,,,,
13/03/05,Getafe,Real Madrid,2,1,H,1,0,H,,,,,,,,,,,,,
13/03/05,Levante,Osasuna,4,0,H,3,0,H,,,,,,,,,,,,,
13/03/05,Santander,Mallorca,3,0,H,2,0,H,,,,,,,,,,,,,
13/03/05,Sevilla,Zaragoza,0,1,A,0,1,A,,,,,,,,,,,,,
13/03/05,Sociedad,Numancia,2,1,H,1,0,H,,,,,,,,,,,,,
13/03/05,Villarreal,Espanol,4,1,H,1,1,D,,,,,,,,,,,,,
16/03/05,Ath Bilbao,Getafe,1,2,A,1,0,H,,,,,,,,,,,,,
19/03/05,Betis,Albacete,2,1,H,1,0,H,,,,,,,,,,,,,
19/03/05,Espanol,Sociedad,2,2,D,1,1,D,,,,,,,,,,,,,
19/03/05,La Coruna,Barcelona,0,1,A,0,1,A,,,,,,,,,,,,,
20/03/05,Ath Bilbao,Levante,3,1,H,1,0,H,,,,,,,,,,,,,
20/03/05,Mallorca,Sevilla,0,1,A,0,1,A,,,,,,,,,,,,,
20/03/05,Numancia,Santander,2,3,A,2,2,D,,,,,,,,,,,,,
20/03/05,Real Madrid,Malaga,1,0,H,0,0,D,,,,,,,,,,,,,
20/03/05,Valencia,Getafe,3,1,H,2,0,H,,,,,,,,,,,,,
20/03/05,Zaragoza,Ath Madrid,0,0,D,0,0,D,,,,,,,,,,,,,
02/04/05,Sociedad,Osasuna,2,0,H,2,0,H,,,,,,,,,,,,,
02/04/05,Villarreal,Ath Bilbao,3,1,H,2,1,H,,,,,,,,,,,,,
02/04/05,Zaragoza,Valencia,2,2,D,1,0,H,,,,,,,,,,,,,
03/04/05,Albacete,Real Madrid,1,2,A,1,2,A,,,,,,,,,,,,,
03/04/05,Ath Madrid,Mallorca,4,0,H,1,0,H,,,,,,,,,,,,,
03/04/05,Barcelona,Betis,3,3,D,1,2,A,,,,,,,,,,,,,
03/04/05,Levante,La Coruna,0,1,A,0,1,A,,,,,,,,,,,,,
03/04/05,Malaga,Getafe,1,1,D,1,1,D,,,,,,,,,,,,,
03/04/05,Santander,Espanol,1,3,A,1,2,A,,,,,,,,,,,,,
03/04/05,Sevilla,Numancia,1,0,H,0,0,D,,,,,,,,,,,,,
09/04/05,Ath Bilbao,Sociedad,3,0,H,1,0,H,,,,,,,,,,,,,
09/04/05,Numancia,Ath Madrid,1,0,H,0,0,D,,,,,,,,,,,,,
10/04/05,Betis,Levante,2,2,D,2,1,H,,,,,,,,,,,,,
10/04/05,Espanol,Sevilla,1,3,A,0,2,A,,,,,,,,,,,,,
10/04/05,Getafe,Albacete,1,0,H,0,0,D,,,,,,,,,,,,,
10/04/05,La Coruna,Villarreal,1,1,D,0,0,D,,,,,,,,,,,,,
10/04/05,Mallorca,Zaragoza,0,2,A,0,0,D,,,,,,,,,,,,,
10/04/05,Osasuna,Santander,1,0,H,0,0,D,,,,,,,,,,,,,
10/04/05,Real Madrid,Barcelona,4,2,H,3,1,H,,,,,,,,,,,,,
10/04/05,Valencia,Malaga,2,2,D,2,1,H,,,,,,,,,,,,,
16/04/05,Ath Madrid,Espanol,0,0,D,0,0,D,,,,,,,,,,,,,
16/04/05,Sevilla,Osasuna,0,1,A,0,1,A,,,,,,,,,,,,,
16/04/05,Sociedad,La Coruna,1,0,H,1,0,H,,,,,,,,,,,,,
17/04/05,Albacete,Malaga,1,2,A,0,0,D,,,,,,,,,,,,,
17/04/05,Barcelona,Getafe,2,0,H,1,0,H,,,,,,,,,,,,,
17/04/05,Levante,Real Madrid,0,2,A,0,1,A,,,,,,,,,,,,,
17/04/05,Mallorca,Valencia,0,0,D,0,0,D,,,,,,,,,,,,,
17/04/05,Santander,Ath Bilbao,0,2,A,0,0,D,,,,,,,,,,,,,
17/04/05,Villarreal,Betis,0,0,D,0,0,D,,,,,,,,,,,,,
17/04/05,Zaragoza,Numancia,4,1,H,0,0,D,,,,,,,,,,,,,
23/04/05,Osasuna,Ath Madrid,1,0,H,1,0,H,,,,,,,,,,,,,
23/04/05,Real Madrid,Villarreal,2,1,H,0,1,A,,,,,,,,,,,,,
24/04/05,Ath Bilbao,Sevilla,1,3,A,0,2,A,,,,,,,,,,,,,
24/04/05,Betis,Sociedad,2,3,A,0,1,A,,,,,,,,,,,,,
24/04/05,Espanol,Zaragoza,3,1,H,2,0,H,,,,,,,,,,,,,
24/04/05,Getafe,Levante,1,0,H,1,0,H,,,,,,,,,,,,,
24/04/05,La Coruna,Santander,1,4,A,1,0,H,,,,,,,,,,,,,
24/04/05,Malaga,Barcelona,0,4,A,0,2,A,,,,,,,,,,,,,
24/04/05,Numancia,Mallorca,1,2,A,0,0,D,,,,,,,,,,,,,
24/04/05,Valencia,Albacete,2,0,H,0,0,D,,,,,,,,,,,,,
28/04/05,Osasuna,Villarreal,3,2,H,1,1,D,,,,,,,,,,,,,
30/04/05,Ath Madrid,Ath Bilbao,1,1,D,0,0,D,,,,,,,,,,,,,
30/04/05,Numancia,Valencia,1,1,D,0,0,D,,,,,,,,,,,,,
30/04/05,Sociedad,Real Madrid,0,2,A,0,0,D,,,,,,,,,,,,,
01/05/05,Barcelona,Albacete,2,0,H,0,0,D,,,,,,,,,,,,,
01/05/05,Levante,Malaga,0,1,A,0,1,A,,,,,,,,,,,,,
01/05/05,Mallorca,Espanol,3,2,H,0,1,A,,,,,,,,,,,,,
01/05/05,Santander,Betis,1,1,D,0,0,D,,,,,,,,,,,,,
01/05/05,Sevilla,La Coruna,2,0,H,2,0,H,,,,,,,,,,,,,
01/05/05,Villarreal,Getafe,4,0,H,2,0,H,,,,,,,,,,,,,
01/05/05,Zaragoza,Osasuna,5,1,H,2,0,H,,,,,,,,,,,,,
07/05/05,Ath Bilbao,Zaragoza,2,0,H,0,0,D,,,,,,,,,,,,,
07/05/05,Betis,Sevilla,1,0,H,1,0,H,,,,,,,,,,,,,
07/05/05,Osasuna,Mallorca,1,1,D,0,1,A,,,,,,,,,,,,,
07/05/05,Real Madrid,Santander,5,0,H,2,0,H,,,,,,,,,,,,,
08/05/05,Albacete,Levante,3,1,H,1,0,H,,,,,,,,,,,,,
08/05/05,Espanol,Numancia,3,0,H,0,0,D,,,,,,,,,,,,,
08/05/05,Getafe,Sociedad,2,0,H,2,0,H,,,,,,,,,,,,,
08/05/05,La Coruna,Ath Madrid,2,0,H,0,0,D,,,,,,,,,,,,,
08/05/05,Malaga,Villarreal,0,2,A,0,0,D,,,,,,,,,,,,,
08/05/05,Valencia,Barcelona,0,2,A,0,2,A,,,,,,,,,,,,,
14/05/05,Levante,Barcelona,1,1,D,1,0,H,,,,,,,,,,,,,
14/05/05,Sevilla,Real Madrid,2,2,D,1,1,D,,,,,,,,,,,,,
15/05/05,Ath Madrid,Betis,1,2,A,0,2,A,,,,,,,,,,,,,
15/05/05,Espanol,Valencia,2,2,D,1,1,D,,,,,,,,,,,,,
15/05/05,Mallorca,Ath Bilbao,4,3,H,1,2,A,,,,,,,,,,,,,
15/05/05,Numancia,Osasuna,2,2,D,1,2,A,,,,,,,,,,,,,
15/05/05,Santander,Getafe,2,1,H,2,0,H,,,,,,,,,,,,,
15/05/05,Sociedad,Malaga,1,3,A,0,1,A,,,,,,,,,,,,,
15/05/05,Villarreal,Albacete,1,0,H,0,0,D,,,,,,,,,,,,,
15/05/05,Zaragoza,La Coruna,2,2,D,0,2,A,,,,,,,,,,,,,
21/05/05,Betis,Zaragoza,3,2,H,0,1,A,,,,,,,,,,,,,
21/05/05,Real Madrid,Ath Madrid,0,0,D,0,0,D,,,,,,,,,,,,,
22/05/05,Albacete,Sociedad,2,2,D,2,0,H,,,,,,,,,,,,,
22/05/05,Ath Bilbao,Numancia,0,2,A,0,1,A,,,,,,,,,,,,,
22/05/05,Barcelona,Villarreal,3,3,D,2,2,D,,,,,,,,,,,,,
22/05/05,Getafe,Sevilla,0,0,D,0,0,D,,,,,,,,,,,,,
22/05/05,La Coruna,Mallorca,0,3,A,0,2,A,,,,,,,,,,,,,
22/05/05,Levante,Valencia,0,0,D,0,0,D,,,,,,,,,,,,,
22/05/05,Malaga,Santander,2,0,H,1,0,H,,,,,,,,,,,,,
22/05/05,Osasuna,Espanol,1,1,D,1,1,D,,,,,,,,,,,,,
29/05/05,Ath Madrid,Getafe,2,2,D,0,1,A,,,,,,,,,,,,,
29/05/05,Espanol,Ath Bilbao,2,0,H,1,0,H,,,,,,,,,,,,,
29/05/05,Mallorca,Betis,1,1,D,0,0,D,,,,,,,,,,,,,
29/05/05,Numancia,La Coruna,1,1,D,0,0,D,,,,,,,,,,,,,
29/05/05,Santander,Albacete,1,0,H,1,0,H,,,,,,,,,,,,,
29/05/05,Sevilla,Malaga,0,2,A,0,0,D,,,,,,,,,,,,,
29/05/05,Sociedad,Barcelona,0,0,D,0,0,D,,,,,,,,,,,,,
29/05/05,Valencia,Osasuna,1,0,H,0,0,D,,,,,,,,,,,,,
29/05/05,Villarreal,Levante,4,1,H,2,1,H,,,,,,,,,,,,,
29/05/05,Zaragoza,Real Madrid,1,3,A,1,1,D,,,,,,,,,,,,,
