Date,HomeTeam,AwayTeam,FTHG,FTAG,FTR,HTHG,HTAG,HTR,Referee,HS,AS,HST,AST,HF,AF,HC,AC,HY,AY,HR,AR
14/08/98,Duisburg,Ein Frankfurt,2,1,H,1,1,D,,,,,,,,,,,,,
14/08/98,Stuttgart,Dortmund,2,1,H,2,1,H,,,,,,,,,,,,,
15/08/98,Bochum,Freiburg,1,2,A,0,0,D,,,,,,,,,,,,,
15/08/98,Leverkusen,Hansa Rostock,3,1,H,1,1,D,,,,,,,,,,,,,
15/08/98,M'gladbach,Schalke 04,3,0,H,2,0,H,,,,,,,,,,,,,
15/08/98,Munich 1860,Kaiserslautern,1,2,A,1,1,D,,,,,,,,,,,,,
15/08/98,Nurnberg,Hamburg,1,1,D,0,0,D,,,,,,,,,,,,,
15/08/98,Wolfsburg,Bayern Munich,0,1,A,0,0,D,,,,,,,,,,,,,
16/08/98,Hertha,Werder Bremen,1,0,H,0,0,D,,,,,,,,,,,,,
21/08/98,Hansa Rostock,Wolfsburg,3,3,D,2,2,D,,,,,,,,,,,,,
21/08/98,Werder Bremen,Nurnberg,2,3,A,2,2,D,,,,,,,,,,,,,
22/08/98,Bayern Munich,Duisburg,3,1,H,1,1,D,,,,,,,,,,,,,
22/08/98,Dortmund,Hertha,3,0,H,1,0,H,,,,,,,,,,,,,
22/08/98,Ein Frankfurt,Munich 1860,2,3,A,1,1,D,,,,,,,,,,,,,
22/08/98,Freiburg,Leverkusen,1,1,D,0,0,D,,,,,,,,,,,,,
22/08/98,Kaiserslautern,M'gladbach,2,1,H,1,0,H,,,,,,,,,,,,,
22/08/98,Schalke 04,Stuttgart,1,0,H,0,0,D,,,,,,,,,,,,,
23/08/98,Hamburg,Bochum,1,0,H,1,0,H,,,,,,,,,,,,,
08/09/98,Bochum,Werder Bremen,2,0,H,1,0,H,,,,,,,,,,,,,
08/09/98,Duisburg,Munich 1860,1,1,D,1,0,H,,,,,,,,,,,,,
08/09/98,M'gladbach,Ein Frankfurt,1,1,D,0,0,D,,,,,,,,,,,,,
08/09/98,Stuttgart,Kaiserslautern,4,0,H,1,0,H,,,,,,,,,,,,,
08/09/98,Wolfsburg,Freiburg,1,1,D,0,1,A,,,,,,,,,,,,,
09/09/98,Bayern Munich,Hansa Rostock,6,1,H,0,0,D,,,,,,,,,,,,,
09/09/98,Hertha,Schalke 04,2,0,H,0,0,D,,,,,,,,,,,,,
09/09/98,Leverkusen,Hamburg,1,2,A,0,0,D,,,,,,,,,,,,,
09/09/98,Nurnberg,Dortmund,0,0,D,0,0,D,,,,,,,,,,,,,
11/09/98,Ein Frankfurt,Stuttgart,1,1,D,0,0,D,,,,,,,,,,,,,
11/09/98,Munich 1860,M'gladbach,3,1,H,2,0,H,,,,,,,,,,,,,
12/09/98,Freiburg,Bayern Munich,0,2,A,0,2,A,,,,,,,,,,,,,
12/09/98,Hamburg,Wolfsburg,1,1,D,1,0,H,,,,,,,,,,,,,
12/09/98,Hansa Rostock,Duisburg,3,0,H,0,0,D,,,,,,,,,,,,,
12/09/98,Kaiserslautern,Hertha,4,3,H,1,2,A,,,,,,,,,,,,,
12/09/98,Schalke 04,Nurnberg,2,2,D,2,0,H,,,,,,,,,,,,,
12/09/98,Werder Bremen,Leverkusen,2,2,D,0,1,A,,,,,,,,,,,,,
13/09/98,Dortmund,Bochum,0,1,A,0,0,D,,,,,,,,,,,,,
18/09/98,Hansa Rostock,Freiburg,0,2,A,0,0,D,,,,,,,,,,,,,
18/09/98,Hertha,Ein Frankfurt,3,1,H,1,1,D,,,,,,,,,,,,,
19/09/98,Bochum,Schalke 04,1,2,A,0,0,D,,,,,,,,,,,,,
19/09/98,Leverkusen,Dortmund,3,1,H,1,0,H,,,,,,,,,,,,,
19/09/98,Nurnberg,Kaiserslautern,1,1,D,1,0,H,,,,,,,,,,,,,
19/09/98,Stuttgart,Munich 1860,0,1,A,0,0,D,,,,,,,,,,,,,
19/09/98,Wolfsburg,Werder Bremen,2,4,A,0,3,A,,,,,,,,,,,,,
20/09/98,Bayern Munich,Hamburg,5,3,H,2,1,H,,,,,,,,,,,,,
20/09/98,Duisburg,M'gladbach,2,2,D,1,0,H,,,,,,,,,,,,,
25/09/98,Hamburg,Hansa Rostock,1,0,H,0,0,D,,,,,,,,,,,,,
25/09/98,Munich 1860,Hertha,2,0,H,1,0,H,,,,,,,,,,,,,
26/09/98,Dortmund,Wolfsburg,2,1,H,1,1,D,,,,,,,,,,,,,
26/09/98,Freiburg,Duisburg,2,2,D,1,0,H,,,,,,,,,,,,,
26/09/98,Kaiserslautern,Bochum,2,3,A,1,0,H,,,,,,,,,,,,,
26/09/98,M'gladbach,Stuttgart,2,3,A,2,2,D,,,,,,,,,,,,,
26/09/98,Schalke 04,Leverkusen,0,1,A,0,0,D,,,,,,,,,,,,,
26/09/98,Werder Bremen,Bayern Munich,0,1,A,0,0,D,,,,,,,,,,,,,
27/09/98,Ein Frankfurt,Nurnberg,3,2,H,1,1,D,,,,,,,,,,,,,
02/10/98,Hertha,M'gladbach,4,1,H,1,1,D,,,,,,,,,,,,,
02/10/98,Wolfsburg,Schalke 04,0,0,D,0,0,D,,,,,,,,,,,,,
03/10/98,Bochum,Ein Frankfurt,0,0,D,0,0,D,,,,,,,,,,,,,
03/10/98,Freiburg,Hamburg,0,0,D,0,0,D,,,,,,,,,,,,,
03/10/98,Hansa Rostock,Werder Bremen,2,1,H,1,1,D,,,,,,,,,,,,,
03/10/98,Leverkusen,Kaiserslautern,2,2,D,1,2,A,,,,,,,,,,,,,
03/10/98,Nurnberg,Munich 1860,1,5,A,0,2,A,,,,,,,,,,,,,
04/10/98,Bayern Munich,Dortmund,2,2,D,2,1,H,,,,,,,,,,,,,
04/10/98,Duisburg,Stuttgart,2,0,H,1,0,H,,,,,,,,,,,,,
16/10/98,Kaiserslautern,Wolfsburg,1,1,D,0,0,D,,,,,,,,,,,,,
16/10/98,Munich 1860,Bochum,2,1,H,2,1,H,,,,,,,,,,,,,
17/10/98,Ein Frankfurt,Leverkusen,2,3,A,2,0,H,,,,,,,,,,,,,
17/10/98,Hamburg,Duisburg,4,1,H,2,0,H,,,,,,,,,,,,,
17/10/98,M'gladbach,Nurnberg,0,2,A,0,1,A,,,,,,,,,,,,,
17/10/98,Schalke 04,Bayern Munich,1,3,A,1,2,A,,,,,,,,,,,,,
17/10/98,Stuttgart,Hertha,0,0,D,0,0,D,,,,,,,,,,,,,
17/10/98,Werder Bremen,Freiburg,2,3,A,1,3,A,,,,,,,,,,,,,
18/10/98,Dortmund,Hansa Rostock,2,0,H,1,0,H,,,,,,,,,,,,,
23/10/98,Freiburg,Dortmund,2,2,D,1,1,D,,,,,,,,,,,,,
23/10/98,Hamburg,Werder Bremen,1,1,D,0,0,D,,,,,,,,,,,,,
24/10/98,Bayern Munich,Kaiserslautern,4,0,H,2,0,H,,,,,,,,,,,,,
24/10/98,Bochum,M'gladbach,2,1,H,1,1,D,,,,,,,,,,,,,
24/10/98,Hansa Rostock,Schalke 04,2,2,D,0,0,D,,,,,,,,,,,,,
24/10/98,Nurnberg,Stuttgart,2,2,D,0,2,A,,,,,,,,,,,,,
24/10/98,Wolfsburg,Ein Frankfurt,2,0,H,1,0,H,,,,,,,,,,,,,
25/10/98,Duisburg,Hertha,0,0,D,0,0,D,,,,,,,,,,,,,
25/10/98,Leverkusen,Munich 1860,1,1,D,1,0,H,,,,,,,,,,,,,
30/10/98,Kaiserslautern,Hansa Rostock,3,2,H,0,2,A,,,,,,,,,,,,,
30/10/98,M'gladbach,Leverkusen,2,8,A,0,4,A,,,,,,,,,,,,,
31/10/98,Ein Frankfurt,Bayern Munich,1,0,H,1,0,H,,,,,,,,,,,,,
31/10/98,Munich 1860,Wolfsburg,2,3,A,0,1,A,,,,,,,,,,,,,
31/10/98,Stuttgart,Bochum,4,2,H,2,1,H,,,,,,,,,,,,,
31/10/98,Werder Bremen,Duisburg,1,1,D,0,1,A,,,,,,,,,,,,,
01/11/98,Hertha,Nurnberg,3,0,H,3,0,H,,,,,,,,,,,,,
03/11/98,Schalke 04,Freiburg,1,1,D,1,0,H,,,,,,,,,,,,,
06/11/98,Duisburg,Nurnberg,1,1,D,0,1,A,,,,,,,,,,,,,
06/11/98,Werder Bremen,Dortmund,1,1,D,0,1,A,,,,,,,,,,,,,
07/11/98,Bayern Munich,Munich 1860,3,1,H,0,0,D,,,,,,,,,,,,,
07/11/98,Bochum,Hertha,2,0,H,0,0,D,,,,,,,,,,,,,
07/11/98,Freiburg,Kaiserslautern,0,1,A,0,1,A,,,,,,,,,,,,,
07/11/98,Hamburg,Schalke 04,2,2,D,1,0,H,,,,,,,,,,,,,
07/11/98,Hansa Rostock,Ein Frankfurt,2,2,D,1,1,D,,,,,,,,,,,,,
07/11/98,Wolfsburg,M'gladbach,7,1,H,4,1,H,,,,,,,,,,,,,
08/11/98,Leverkusen,Stuttgart,0,0,D,0,0,D,,,,,,,,,,,,,
10/11/98,Kaiserslautern,Hamburg,1,0,H,0,0,D,,,,,,,,,,,,,
10/11/98,Munich 1860,Hansa Rostock,2,1,H,1,0,H,,,,,,,,,,,,,
11/11/98,Dortmund,Duisburg,2,0,H,2,0,H,,,,,,,,,,,,,
11/11/98,Ein Frankfurt,Freiburg,3,1,H,2,1,H,,,,,,,,,,,,,
11/11/98,Hertha,Leverkusen,0,1,A,0,0,D,,,,,,,,,,,,,
11/11/98,Nurnberg,Bochum,2,2,D,1,1,D,,,,,,,,,,,,,
11/11/98,Stuttgart,Wolfsburg,1,2,A,1,1,D,,,,,,,,,,,,,
13/11/98,Hansa Rostock,M'gladbach,1,1,D,0,1,A,,,,,,,,,,,,,
13/11/98,Werder Bremen,Kaiserslautern,0,1,A,0,0,D,,,,,,,,,,,,,
14/11/98,Bayern Munich,Stuttgart,2,0,H,0,0,D,,,,,,,,,,,,,
14/11/98,Dortmund,Schalke 04,3,0,H,2,0,H,,,,,,,,,,,,,
14/11/98,Duisburg,Bochum,2,0,H,1,0,H,,,,,,,,,,,,,
14/11/98,Hamburg,Ein Frankfurt,0,1,A,0,1,A,,,,,,,,,,,,,
14/11/98,Leverkusen,Nurnberg,3,0,H,3,0,H,,,,,,,,,,,,,
14/11/98,Wolfsburg,Hertha,2,1,H,2,1,H,,,,,,,,,,,,,
15/11/98,Freiburg,Munich 1860,1,2,A,1,0,H,,,,,,,,,,,,,
20/11/98,Ein Frankfurt,Werder Bremen,0,2,A,0,0,D,,,,,,,,,,,,,
20/11/98,Schalke 04,Duisburg,2,0,H,1,0,H,,,,,,,,,,,,,
21/11/98,Bochum,Leverkusen,1,5,A,0,2,A,,,,,,,,,,,,,
21/11/98,Hertha,Bayern Munich,1,0,H,0,0,D,,,,,,,,,,,,,
21/11/98,Kaiserslautern,Dortmund,1,0,H,0,0,D,,,,,,,,,,,,,
21/11/98,Munich 1860,Hamburg,0,0,D,0,0,D,,,,,,,,,,,,,
21/11/98,Nurnberg,Wolfsburg,1,1,D,0,0,D,,,,,,,,,,,,,
21/11/98,Stuttgart,Hansa Rostock,1,1,D,1,0,H,,,,,,,,,,,,,
22/11/98,M'gladbach,Freiburg,3,1,H,2,1,H,,,,,,,,,,,,,
24/11/98,Dortmund,Hamburg,2,1,H,1,0,H,,,,,,,,,,,,,
24/11/98,Schalke 04,Werder Bremen,1,2,A,0,0,D,,,,,,,,,,,,,
27/11/98,Dortmund,Ein Frankfurt,3,1,H,1,0,H,,,,,,,,,,,,,
27/11/98,Hansa Rostock,Hertha,1,2,A,0,0,D,,,,,,,,,,,,,
28/11/98,Bayern Munich,Nurnberg,2,0,H,1,0,H,,,,,,,,,,,,,
28/11/98,Freiburg,Stuttgart,2,0,H,2,0,H,,,,,,,,,,,,,
28/11/98,Hamburg,M'gladbach,3,0,H,2,0,H,,,,,,,,,,,,,
28/11/98,Leverkusen,Duisburg,2,0,H,1,0,H,,,,,,,,,,,,,
28/11/98,Werder Bremen,Munich 1860,4,1,H,1,1,D,,,,,,,,,,,,,
28/11/98,Wolfsburg,Bochum,4,1,H,2,1,H,,,,,,,,,,,,,
29/11/98,Kaiserslautern,Schalke 04,4,1,H,1,1,D,,,,,,,,,,,,,
04/12/98,Bochum,Bayern Munich,2,2,D,1,1,D,,,,,,,,,,,,,
04/12/98,Nurnberg,Hansa Rostock,2,2,D,2,1,H,,,,,,,,,,,,,
05/12/98,Ein Frankfurt,Schalke 04,1,2,A,0,2,A,,,,,,,,,,,,,
05/12/98,Leverkusen,Wolfsburg,3,0,H,2,0,H,,,,,,,,,,,,,
05/12/98,Stuttgart,Hamburg,3,1,H,1,1,D,,,,,,,,,,,,,
06/12/98,Munich 1860,Dortmund,2,0,H,1,0,H,,,,,,,,,,,,,
08/12/98,M'gladbach,Werder Bremen,0,1,A,0,1,A,,,,,,,,,,,,,
11/12/98,Dortmund,M'gladbach,1,1,D,1,1,D,,,,,,,,,,,,,
11/12/98,Hamburg,Hertha,0,4,A,0,1,A,,,,,,,,,,,,,
12/12/98,Freiburg,Nurnberg,1,0,H,1,0,H,,,,,,,,,,,,,
12/12/98,Hansa Rostock,Bochum,3,0,H,1,0,H,,,,,,,,,,,,,
12/12/98,Kaiserslautern,Ein Frankfurt,2,1,H,1,0,H,,,,,,,,,,,,,
12/12/98,Schalke 04,Munich 1860,2,2,D,0,1,A,,,,,,,,,,,,,
12/12/98,Werder Bremen,Stuttgart,2,2,D,0,1,A,,,,,,,,,,,,,
12/12/98,Wolfsburg,Duisburg,4,2,H,1,0,H,,,,,,,,,,,,,
13/12/98,Bayern Munich,Leverkusen,2,0,H,2,0,H,,,,,,,,,,,,,
15/12/98,Hertha,Freiburg,1,0,H,1,0,H,,,,,,,,,,,,,
16/12/98,Duisburg,Kaiserslautern,3,1,H,0,1,A,,,,,,,,,,,,,
16/12/98,M'gladbach,Bayern Munich,0,2,A,0,2,A,,,,,,,,,,,,,
18/12/98,Dortmund,Stuttgart,3,0,H,1,0,H,,,,,,,,,,,,,
18/12/98,Freiburg,Bochum,1,1,D,0,0,D,,,,,,,,,,,,,
19/12/98,Bayern Munich,Wolfsburg,3,0,H,1,0,H,,,,,,,,,,,,,
19/12/98,Ein Frankfurt,Duisburg,0,0,D,0,0,D,,,,,,,,,,,,,
19/12/98,Hamburg,Nurnberg,2,0,H,0,0,D,,,,,,,,,,,,,
19/12/98,Hansa Rostock,Leverkusen,1,1,D,0,1,A,,,,,,,,,,,,,
19/12/98,Kaiserslautern,Munich 1860,1,1,D,0,0,D,,,,,,,,,,,,,
19/12/98,Schalke 04,M'gladbach,1,0,H,0,0,D,,,,,,,,,,,,,
20/12/98,Werder Bremen,Hertha,2,1,H,1,0,H,,,,,,,,,,,,,
19/02/99,Wolfsburg,Hansa Rostock,1,1,D,0,1,A,,,,,,,,,,,,,
20/02/99,Duisburg,Bayern Munich,0,3,A,0,2,A,,,,,,,,,,,,,
20/02/99,Hertha,Dortmund,3,0,H,0,0,D,,,,,,,,,,,,,
20/02/99,Leverkusen,Freiburg,1,1,D,0,1,A,,,,,,,,,,,,,
20/02/99,Munich 1860,Ein Frankfurt,4,1,H,4,0,H,,,,,,,,,,,,,
20/02/99,Nurnberg,Werder Bremen,1,1,D,1,1,D,,,,,,,,,,,,,
20/02/99,Stuttgart,Schalke 04,2,1,H,0,0,D,,,,,,,,,,,,,
21/02/99,M'gladbach,Kaiserslautern,0,2,A,0,1,A,,,,,,,,,,,,,
26/02/99,Kaiserslautern,Stuttgart,1,1,D,0,0,D,,,,,,,,,,,,,
26/02/99,Werder Bremen,Bochum,1,1,D,0,1,A,,,,,,,,,,,,,
27/02/99,Dortmund,Nurnberg,3,0,H,1,0,H,,,,,,,,,,,,,
27/02/99,Ein Frankfurt,M'gladbach,0,0,D,0,0,D,,,,,,,,,,,,,
27/02/99,Freiburg,Wolfsburg,0,0,D,0,0,D,,,,,,,,,,,,,
27/02/99,Hamburg,Leverkusen,0,0,D,0,0,D,,,,,,,,,,,,,
27/02/99,Hansa Rostock,Bayern Munich,0,4,A,0,0,D,,,,,,,,,,,,,
27/02/99,Munich 1860,Duisburg,0,0,D,0,0,D,,,,,,,,,,,,,
28/02/99,Schalke 04,Hertha,0,0,D,0,0,D,,,,,,,,,,,,,
05/03/99,Duisburg,Hansa Rostock,4,1,H,3,0,H,,,,,,,,,,,,,
05/03/99,Nurnberg,Schalke 04,3,0,H,2,0,H,,,,,,,,,,,,,
06/03/99,Bayern Munich,Freiburg,2,0,H,1,0,H,,,,,,,,,,,,,
06/03/99,Bochum,Dortmund,0,1,A,0,1,A,,,,,,,,,,,,,
06/03/99,Hertha,Kaiserslautern,1,1,D,0,1,A,,,,,,,,,,,,,
06/03/99,M'gladbach,Munich 1860,2,0,H,1,0,H,,,,,,,,,,,,,
06/03/99,Stuttgart,Ein Frankfurt,2,0,H,1,0,H,,,,,,,,,,,,,
06/03/99,Wolfsburg,Hamburg,4,1,H,1,1,D,,,,,,,,,,,,,
07/03/99,Leverkusen,Werder Bremen,2,0,H,0,0,D,,,,,,,,,,,,,
12/03/99,Dortmund,Leverkusen,1,0,H,1,0,H,,,,,,,,,,,,,
12/03/99,Freiburg,Hansa Rostock,3,0,H,0,0,D,,,,,,,,,,,,,
13/03/99,Hamburg,Bayern Munich,0,2,A,0,2,A,,,,,,,,,,,,,
13/03/99,Kaiserslautern,Nurnberg,2,0,H,1,0,H,,,,,,,,,,,,,
13/03/99,M'gladbach,Duisburg,0,2,A,0,0,D,,,,,,,,,,,,,
13/03/99,Munich 1860,Stuttgart,1,1,D,0,0,D,,,,,,,,,,,,,
13/03/99,Schalke 04,Bochum,2,2,D,2,2,D,,,,,,,,,,,,,
13/03/99,Werder Bremen,Wolfsburg,0,1,A,0,0,D,,,,,,,,,,,,,
14/03/99,Ein Frankfurt,Hertha,1,1,D,0,0,D,,,,,,,,,,,,,
16/03/99,Bochum,Hamburg,2,0,H,1,0,H,,,,,,,,,,,,,
19/03/99,Leverkusen,Schalke 04,1,1,D,1,0,H,,,,,,,,,,,,,
19/03/99,Wolfsburg,Dortmund,0,0,D,0,0,D,,,,,,,,,,,,,
20/03/99,Bayern Munich,Werder Bremen,1,0,H,0,0,D,,,,,,,,,,,,,
20/03/99,Bochum,Kaiserslautern,1,2,A,1,0,H,,,,,,,,,,,,,
20/03/99,Duisburg,Freiburg,1,0,H,0,0,D,,,,,,,,,,,,,
20/03/99,Hertha,Munich 1860,2,1,H,1,1,D,,,,,,,,,,,,,
20/03/99,Nurnberg,Ein Frankfurt,2,2,D,1,1,D,,,,,,,,,,,,,
20/03/99,Stuttgart,M'gladbach,2,2,D,1,0,H,,,,,,,,,,,,,
21/03/99,Hansa Rostock,Hamburg,0,1,A,0,1,A,,,,,,,,,,,,,
03/04/99,Dortmund,Bayern Munich,2,2,D,2,0,H,,,,,,,,,,,,,
03/04/99,Hamburg,Freiburg,2,1,H,1,1,D,,,,,,,,,,,,,
03/04/99,Kaiserslautern,Leverkusen,0,1,A,0,1,A,,,,,,,,,,,,,
03/04/99,Munich 1860,Nurnberg,1,2,A,0,1,A,,,,,,,,,,,,,
03/04/99,Schalke 04,Wolfsburg,2,0,H,0,0,D,,,,,,,,,,,,,
03/04/99,Stuttgart,Duisburg,0,0,D,0,0,D,,,,,,,,,,,,,
03/04/99,Werder Bremen,Hansa Rostock,0,3,A,0,2,A,,,,,,,,,,,,,
04/04/99,Ein Frankfurt,Bochum,1,0,H,0,0,D,,,,,,,,,,,,,
04/04/99,M'gladbach,Hertha,2,4,A,0,1,A,,,,,,,,,,,,,
09/04/99,Duisburg,Hamburg,2,3,A,2,0,H,,,,,,,,,,,,,
09/04/99,Freiburg,Werder Bremen,0,2,A,0,0,D,,,,,,,,,,,,,
10/04/99,Bayern Munich,Schalke 04,1,1,D,0,0,D,,,,,,,,,,,,,
10/04/99,Hansa Rostock,Dortmund,2,0,H,0,0,D,,,,,,,,,,,,,
10/04/99,Hertha,Stuttgart,2,0,H,0,0,D,,,,,,,,,,,,,
10/04/99,Leverkusen,Ein Frankfurt,2,1,H,2,0,H,,,,,,,,,,,,,
10/04/99,Nurnberg,M'gladbach,2,0,H,1,0,H,,,,,,,,,,,,,
10/04/99,Wolfsburg,Kaiserslautern,2,1,H,1,0,H,,,,,,,,,,,,,
11/04/99,Bochum,Munich 1860,2,0,H,0,0,D,,,,,,,,,,,,,
13/04/99,Ein Frankfurt,Wolfsburg,0,1,A,0,1,A,,,,,,,,,,,,,
13/04/99,Kaiserslautern,Bayern Munich,2,1,H,2,1,H,,,,,,,,,,,,,
13/04/99,Schalke 04,Hansa Rostock,1,0,H,0,0,D,,,,,,,,,,,,,
13/04/99,Stuttgart,Nurnberg,0,0,D,0,0,D,,,,,,,,,,,,,
13/04/99,Werder Bremen,Hamburg,0,0,D,0,0,D,,,,,,,,,,,,,
14/04/99,Dortmund,Freiburg,2,1,H,1,1,D,,,,,,,,,,,,,
14/04/99,Hertha,Duisburg,1,3,A,0,1,A,,,,,,,,,,,,,
14/04/99,M'gladbach,Bochum,2,2,D,0,0,D,,,,,,,,,,,,,
14/04/99,Munich 1860,Leverkusen,0,2,A,0,0,D,,,,,,,,,,,,,
16/04/99,Bayern Munich,Ein Frankfurt,3,1,H,2,0,H,,,,,,,,,,,,,
16/04/99,Hansa Rostock,Kaiserslautern,2,1,H,1,0,H,,,,,,,,,,,,,
17/04/99,Bochum,Stuttgart,3,3,D,0,2,A,,,,,,,,,,,,,
17/04/99,Duisburg,Werder Bremen,2,0,H,1,0,H,,,,,,,,,,,,,
17/04/99,Freiburg,Schalke 04,0,2,A,0,0,D,,,,,,,,,,,,,
17/04/99,Leverkusen,M'gladbach,4,1,H,1,0,H,,,,,,,,,,,,,
17/04/99,Nurnberg,Hertha,0,0,D,0,0,D,,,,,,,,,,,,,
17/04/99,Wolfsburg,Munich 1860,1,0,H,0,0,D,,,,,,,,,,,,,
18/04/99,Hamburg,Dortmund,0,0,D,0,0,D,,,,,,,,,,,,,
23/04/99,Dortmund,Werder Bremen,2,1,H,0,1,A,,,,,,,,,,,,,
23/04/99,Stuttgart,Leverkusen,0,1,A,0,1,A,,,,,,,,,,,,,
24/04/99,Ein Frankfurt,Hansa Rostock,2,2,D,0,1,A,,,,,,,,,,,,,
24/04/99,Hertha,Bochum,4,1,H,3,0,H,,,,,,,,,,,,,
24/04/99,Kaiserslautern,Freiburg,0,2,A,0,1,A,,,,,,,,,,,,,
24/04/99,M'gladbach,Wolfsburg,5,2,H,2,0,H,,,,,,,,,,,,,
24/04/99,Nurnberg,Duisburg,0,2,A,0,1,A,,,,,,,,,,,,,
24/04/99,Schalke 04,Hamburg,1,4,A,1,2,A,,,,,,,,,,,,,
25/04/99,Munich 1860,Bayern Munich,1,1,D,0,0,D,,,,,,,,,,,,,
30/04/99,Bochum,Nurnberg,0,3,A,0,1,A,,,,,,,,,,,,,
30/04/99,Freiburg,Ein Frankfurt,2,0,H,1,0,H,,,,,,,,,,,,,
01/05/99,Bayern Munich,M'gladbach,4,2,H,1,1,D,,,,,,,,,,,,,
01/05/99,Hamburg,Kaiserslautern,2,0,H,1,0,H,,,,,,,,,,,,,
01/05/99,Hansa Rostock,Munich 1860,4,1,H,4,0,H,,,,,,,,,,,,,
01/05/99,Leverkusen,Hertha,2,2,D,1,1,D,,,,,,,,,,,,,
01/05/99,Wolfsburg,Stuttgart,3,2,H,0,2,A,,,,,,,,,,,,,
02/05/99,Duisburg,Dortmund,3,2,H,3,1,H,,,,,,,,,,,,,
04/05/99,Ein Frankfurt,Hamburg,2,2,D,2,0,H,,,,,,,,,,,,,
04/05/99,Kaiserslautern,Werder Bremen,4,0,H,1,0,H,,,,,,,,,,,,,
04/05/99,M'gladbach,Hansa Rostock,1,1,D,0,0,D,,,,,,,,,,,,,
04/05/99,Stuttgart,Bayern Munich,0,2,A,0,0,D,,,,,,,,,,,,,
05/05/99,Bochum,Duisburg,0,2,A,0,1,A,,,,,,,,,,,,,
05/05/99,Hertha,Wolfsburg,2,0,H,1,0,H,,,,,,,,,,,,,
05/05/99,Munich 1860,Freiburg,2,0,H,1,0,H,,,,,,,,,,,,,
05/05/99,Nurnberg,Leverkusen,2,2,D,1,1,D,,,,,,,,,,,,,
05/05/99,Schalke 04,Dortmund,1,1,D,1,1,D,,,,,,,,,,,,,
07/05/99,Hansa Rostock,Stuttgart,3,0,H,1,0,H,,,,,,,,,,,,,
07/05/99,Werder Bremen,Ein Frankfurt,1,2,A,0,0,D,,,,,,,,,,,,,
08/05/99,Dortmund,Kaiserslautern,1,0,H,1,0,H,,,,,,,,,,,,,
08/05/99,Duisburg,Schalke 04,1,2,A,1,0,H,,,,,,,,,,,,,
08/05/99,Freiburg,M'gladbach,2,1,H,1,0,H,,,,,,,,,,,,,
08/05/99,Hamburg,Munich 1860,3,0,H,0,0,D,,,,,,,,,,,,,
08/05/99,Leverkusen,Bochum,2,0,H,1,0,H,,,,,,,,,,,,,
08/05/99,Wolfsburg,Nurnberg,1,1,D,0,1,A,,,,,,,,,,,,,
09/05/99,Bayern Munich,Hertha,1,1,D,1,0,H,,,,,,,,,,,,,
11/05/99,Werder Bremen,Schalke 04,1,0,H,0,0,D,,,,,,,,,,,,,
14/05/99,Hertha,Hansa Rostock,2,0,H,0,0,D,,,,,,,,,,,,,
14/05/99,M'gladbach,Hamburg,2,2,D,0,0,D,,,,,,,,,,,,,
15/05/99,Bochum,Wolfsburg,0,2,A,0,1,A,,,,,,,,,,,,,
15/05/99,Duisburg,Leverkusen,0,0,D,0,0,D,,,,,,,,,,,,,
15/05/99,Ein Frankfurt,Dortmund,2,0,H,1,0,H,,,,,,,,,,,,,
15/05/99,Munich 1860,Werder Bremen,1,3,A,1,2,A,,,,,,,,,,,,,
15/05/99,Nurnberg,Bayern Munich,2,0,H,0,0,D,,,,,,,,,,,,,
15/05/99,Stuttgart,Freiburg,3,1,H,1,1,D,,,,,,,,,,,,,
16/05/99,Schalke 04,Kaiserslautern,0,2,A,0,0,D,,,,,,,,,,,,,
22/05/99,Bayern Munich,Bochum,4,2,H,0,1,A,,,,,,,,,,,,,
22/05/99,Dortmund,Munich 1860,3,1,H,0,0,D,,,,,,,,,,,,,
22/05/99,Freiburg,Hertha,0,2,A,0,1,A,,,,,,,,,,,,,
22/05/99,Hamburg,Stuttgart,3,1,H,3,1,H,,,,,,,,,,,,,
22/05/99,Hansa Rostock,Nurnberg,1,1,D,1,0,H,,,,,,,,,,,,,
22/05/99,Kaiserslautern,Duisburg,3,0,H,3,0,H,,,,,,,,,,,,,
22/05/99,Schalke 04,Ein Frankfurt,2,3,A,2,1,H,,,,,,,,,,,,,
22/05/99,Werder Bremen,M'gladbach,4,1,H,2,0,H,,,,,,,,,,,,,
22/05/99,Wolfsburg,Leverkusen,1,0,H,0,0,D,,,,,,,,,,,,,
29/05/99,Bochum,Hansa Rostock,2,3,A,0,1,A,,,,,,,,,,,,,
29/05/99,Duisburg,Wolfsburg,6,1,H,2,1,H,,,,,,,,,,,,,
29/05/99,Ein Frankfurt,Kaiserslautern,5,1,H,0,0,D,,,,,,,,,,,,,
29/05/99,Hertha,Hamburg,6,1,H,1,0,H,,,,,,,,,,,,,
29/05/99,Leverkusen,Bayern Munich,1,2,A,0,1,A,,,,,,,,,,,,,
29/05/99,M'gladbach,Dortmund,0,2,A,0,0,D,,,,,,,,,,,,,
29/05/99,Munich 1860,Schalke 04,4,5,A,4,3,H,,,,,,,,,,,,,
29/05/99,Nurnberg,Freiburg,1,2,A,0,2,A,,,,,,,,,,,,,
29/05/99,Stuttgart,Werder Bremen,1,0,H,1,0,H,,,,,,,,,,,,,
