Date,HomeTeam,AwayTeam,FTHG,FTAG,FTR,HTHG,HTAG,HTR,Referee,HS,AS,HST,AST,HF,AF,HC,AC,HY,AY,HR,AR
11/08/95,Dortmund,Kaiserslautern,1,1,D,0,0,D,,,,,,,,,,,,,
11/08/95,Stuttgart,Uerdingen,0,0,D,0,0,D,,,,,,,,,,,,,
11/08/95,Werder Bremen,Dusseldorf,1,1,D,1,1,D,,,,,,,,,,,,,
12/08/95,Bayern Munich,Hamburg,3,2,H,1,1,D,,,,,,,,,,,,,
12/08/95,Ein Frankfurt,Karlsruhe,2,2,D,1,1,D,,,,,,,,,,,,,
12/08/95,FC Koln,Schalke 04,0,1,A,0,0,D,,,,,,,,,,,,,
12/08/95,Hansa Rostock,Leverkusen,1,2,A,0,2,A,,,,,,,,,,,,,
12/08/95,St Pauli,Munich 1860,4,2,H,1,1,D,,,,,,,,,,,,,
13/08/95,M'gladbach,Freiburg,1,0,H,0,0,D,,,,,,,,,,,,,
18/08/95,Freiburg,St Pauli,0,2,A,0,0,D,,,,,,,,,,,,,
18/08/95,Hamburg,Werder Bremen,3,3,D,2,1,H,,,,,,,,,,,,,
18/08/95,Schalke 04,Hansa Rostock,1,3,A,0,1,A,,,,,,,,,,,,,
19/08/95,Kaiserslautern,M'gladbach,1,3,A,0,1,A,,,,,,,,,,,,,
19/08/95,Karlsruhe,Bayern Munich,2,6,A,1,3,A,,,,,,,,,,,,,
19/08/95,Leverkusen,Dortmund,1,1,D,0,0,D,,,,,,,,,,,,,
19/08/95,Munich 1860,Stuttgart,1,1,D,1,0,H,,,,,,,,,,,,,
19/08/95,Uerdingen,Ein Frankfurt,1,1,D,0,1,A,,,,,,,,,,,,,
20/08/95,Dusseldorf,FC Koln,1,1,D,1,0,H,,,,,,,,,,,,,
29/08/95,FC Koln,Hamburg,3,2,H,1,0,H,,,,,,,,,,,,,
29/08/95,Hansa Rostock,Dortmund,3,2,H,1,1,D,,,,,,,,,,,,,
29/08/95,M'gladbach,Leverkusen,0,0,D,0,0,D,,,,,,,,,,,,,
29/08/95,St Pauli,Kaiserslautern,1,2,A,0,2,A,,,,,,,,,,,,,
29/08/95,Werder Bremen,Karlsruhe,1,0,H,0,0,D,,,,,,,,,,,,,
30/08/95,Bayern Munich,Uerdingen,2,0,H,1,0,H,,,,,,,,,,,,,
30/08/95,Ein Frankfurt,Munich 1860,4,2,H,0,0,D,,,,,,,,,,,,,
30/08/95,Schalke 04,Dusseldorf,1,1,D,0,1,A,,,,,,,,,,,,,
30/08/95,Stuttgart,Freiburg,3,1,H,2,1,H,,,,,,,,,,,,,
01/09/95,Dortmund,M'gladbach,2,1,H,0,1,A,,,,,,,,,,,,,
01/09/95,Karlsruhe,FC Koln,1,0,H,0,0,D,,,,,,,,,,,,,
02/09/95,Dusseldorf,Hansa Rostock,2,2,D,0,1,A,,,,,,,,,,,,,
02/09/95,Freiburg,Ein Frankfurt,2,0,H,1,0,H,,,,,,,,,,,,,
02/09/95,Hamburg,Schalke 04,1,1,D,0,1,A,,,,,,,,,,,,,
02/09/95,Kaiserslautern,Stuttgart,1,1,D,1,0,H,,,,,,,,,,,,,
02/09/95,Leverkusen,St Pauli,1,1,D,0,0,D,,,,,,,,,,,,,
02/09/95,Munich 1860,Bayern Munich,0,2,A,0,0,D,,,,,,,,,,,,,
02/09/95,Uerdingen,Werder Bremen,3,0,H,1,0,H,,,,,,,,,,,,,
08/09/95,FC Koln,Uerdingen,0,0,D,0,0,D,,,,,,,,,,,,,
08/09/95,Werder Bremen,Munich 1860,2,0,H,0,0,D,,,,,,,,,,,,,
09/09/95,Bayern Munich,Freiburg,2,0,H,1,0,H,,,,,,,,,,,,,
09/09/95,Dusseldorf,Hamburg,2,2,D,1,1,D,,,,,,,,,,,,,
09/09/95,Ein Frankfurt,Kaiserslautern,3,1,H,1,0,H,,,,,,,,,,,,,
09/09/95,Hansa Rostock,M'gladbach,2,3,A,2,2,D,,,,,,,,,,,,,
09/09/95,Schalke 04,Karlsruhe,2,1,H,1,0,H,,,,,,,,,,,,,
09/09/95,St Pauli,Dortmund,0,3,A,0,0,D,,,,,,,,,,,,,
09/09/95,Stuttgart,Leverkusen,1,4,A,0,0,D,,,,,,,,,,,,,
15/09/95,Kaiserslautern,Bayern Munich,2,3,A,1,2,A,,,,,,,,,,,,,
15/09/95,Karlsruhe,Dusseldorf,3,1,H,1,1,D,,,,,,,,,,,,,
16/09/95,Dortmund,Stuttgart,6,3,H,4,1,H,,,,,,,,,,,,,
16/09/95,Freiburg,Werder Bremen,0,1,A,0,0,D,,,,,,,,,,,,,
16/09/95,Leverkusen,Ein Frankfurt,2,0,H,1,0,H,,,,,,,,,,,,,
16/09/95,Munich 1860,FC Koln,2,1,H,1,1,D,,,,,,,,,,,,,
16/09/95,Uerdingen,Schalke 04,1,1,D,0,1,A,,,,,,,,,,,,,
17/09/95,Hamburg,Hansa Rostock,1,1,D,1,1,D,,,,,,,,,,,,,
17/09/95,M'gladbach,St Pauli,2,4,A,0,3,A,,,,,,,,,,,,,
22/09/95,Dusseldorf,Uerdingen,1,0,H,0,0,D,,,,,,,,,,,,,
22/09/95,Ein Frankfurt,Dortmund,3,4,A,3,2,H,,,,,,,,,,,,,
23/09/95,Bayern Munich,Leverkusen,1,0,H,0,0,D,,,,,,,,,,,,,
23/09/95,FC Koln,Freiburg,1,1,D,0,1,A,,,,,,,,,,,,,
23/09/95,Hamburg,Karlsruhe,0,0,D,0,0,D,,,,,,,,,,,,,
23/09/95,Hansa Rostock,St Pauli,2,0,H,1,0,H,,,,,,,,,,,,,
23/09/95,Stuttgart,M'gladbach,5,0,H,2,0,H,,,,,,,,,,,,,
23/09/95,Werder Bremen,Kaiserslautern,1,1,D,1,0,H,,,,,,,,,,,,,
24/09/95,Schalke 04,Munich 1860,1,1,D,1,0,H,,,,,,,,,,,,,
29/09/95,St Pauli,Stuttgart,1,3,A,1,2,A,,,,,,,,,,,,,
29/09/95,Uerdingen,Hamburg,1,1,D,0,1,A,,,,,,,,,,,,,
30/09/95,Freiburg,Schalke 04,1,2,A,0,0,D,,,,,,,,,,,,,
30/09/95,Kaiserslautern,FC Koln,1,1,D,1,1,D,,,,,,,,,,,,,
30/09/95,Karlsruhe,Hansa Rostock,0,2,A,0,0,D,,,,,,,,,,,,,
30/09/95,Leverkusen,Werder Bremen,2,2,D,1,1,D,,,,,,,,,,,,,
30/09/95,Munich 1860,Dusseldorf,2,1,H,1,1,D,,,,,,,,,,,,,
01/10/95,Dortmund,Bayern Munich,3,1,H,1,0,H,,,,,,,,,,,,,
01/10/95,M'gladbach,Ein Frankfurt,4,1,H,2,1,H,,,,,,,,,,,,,
13/10/95,Hansa Rostock,Stuttgart,3,3,D,2,1,H,,,,,,,,,,,,,
13/10/95,Schalke 04,Kaiserslautern,1,1,D,0,1,A,,,,,,,,,,,,,
14/10/95,Bayern Munich,M'gladbach,1,2,A,0,1,A,,,,,,,,,,,,,
14/10/95,Dusseldorf,Freiburg,0,0,D,0,0,D,,,,,,,,,,,,,
14/10/95,Ein Frankfurt,St Pauli,2,2,D,0,0,D,,,,,,,,,,,,,
14/10/95,Hamburg,Munich 1860,2,2,D,0,0,D,,,,,,,,,,,,,
14/10/95,Karlsruhe,Uerdingen,2,0,H,0,0,D,,,,,,,,,,,,,
14/10/95,Werder Bremen,Dortmund,2,2,D,1,1,D,,,,,,,,,,,,,
15/10/95,FC Koln,Leverkusen,2,2,D,1,2,A,,,,,,,,,,,,,
20/10/95,Leverkusen,Schalke 04,0,0,D,0,0,D,,,,,,,,,,,,,
20/10/95,Uerdingen,Hansa Rostock,1,1,D,0,1,A,,,,,,,,,,,,,
21/10/95,Dortmund,FC Koln,3,0,H,0,0,D,,,,,,,,,,,,,
21/10/95,Freiburg,Hamburg,0,3,A,0,2,A,,,,,,,,,,,,,
21/10/95,Kaiserslautern,Dusseldorf,2,0,H,1,0,H,,,,,,,,,,,,,
21/10/95,Munich 1860,Karlsruhe,1,1,D,0,0,D,,,,,,,,,,,,,
21/10/95,St Pauli,Bayern Munich,0,1,A,0,1,A,,,,,,,,,,,,,
21/10/95,Stuttgart,Ein Frankfurt,3,2,H,1,1,D,,,,,,,,,,,,,
22/10/95,M'gladbach,Werder Bremen,1,0,H,0,0,D,,,,,,,,,,,,,
27/10/95,FC Koln,M'gladbach,0,2,A,0,1,A,,,,,,,,,,,,,
27/10/95,Karlsruhe,Freiburg,1,1,D,1,0,H,,,,,,,,,,,,,
28/10/95,Bayern Munich,Stuttgart,5,3,H,1,0,H,,,,,,,,,,,,,
28/10/95,Dusseldorf,Leverkusen,1,1,D,0,1,A,,,,,,,,,,,,,
28/10/95,Hamburg,Kaiserslautern,1,0,H,1,0,H,,,,,,,,,,,,,
28/10/95,Hansa Rostock,Ein Frankfurt,1,1,D,0,1,A,,,,,,,,,,,,,
28/10/95,Schalke 04,Dortmund,1,2,A,1,1,D,,,,,,,,,,,,,
28/10/95,Werder Bremen,St Pauli,1,1,D,1,0,H,,,,,,,,,,,,,
29/10/95,Uerdingen,Munich 1860,2,0,H,2,0,H,,,,,,,,,,,,,
03/11/95,Leverkusen,Hamburg,0,1,A,0,1,A,,,,,,,,,,,,,
03/11/95,St Pauli,FC Koln,3,3,D,0,1,A,,,,,,,,,,,,,
04/11/95,Dortmund,Dusseldorf,3,0,H,2,0,H,,,,,,,,,,,,,
04/11/95,Ein Frankfurt,Bayern Munich,4,1,H,2,0,H,,,,,,,,,,,,,
04/11/95,Freiburg,Uerdingen,1,1,D,0,1,A,,,,,,,,,,,,,
04/11/95,Kaiserslautern,Karlsruhe,2,2,D,1,1,D,,,,,,,,,,,,,
04/11/95,Munich 1860,Hansa Rostock,1,1,D,1,0,H,,,,,,,,,,,,,
04/11/95,Stuttgart,Werder Bremen,1,1,D,0,0,D,,,,,,,,,,,,,
05/11/95,M'gladbach,Schalke 04,4,1,H,1,1,D,,,,,,,,,,,,,
10/11/95,Hamburg,Dortmund,2,2,D,0,2,A,,,,,,,,,,,,,
10/11/95,Hansa Rostock,Bayern Munich,0,0,D,0,0,D,,,,,,,,,,,,,
10/11/95,Uerdingen,Kaiserslautern,1,1,D,0,0,D,,,,,,,,,,,,,
11/11/95,Dusseldorf,M'gladbach,3,2,H,1,1,D,,,,,,,,,,,,,
11/11/95,FC Koln,Stuttgart,2,2,D,0,0,D,,,,,,,,,,,,,
11/11/95,Karlsruhe,Leverkusen,1,4,A,0,2,A,,,,,,,,,,,,,
11/11/95,Munich 1860,Freiburg,3,0,H,1,0,H,,,,,,,,,,,,,
11/11/95,Schalke 04,St Pauli,2,0,H,1,0,H,,,,,,,,,,,,,
11/11/95,Werder Bremen,Ein Frankfurt,1,1,D,1,0,H,,,,,,,,,,,,,
17/11/95,M'gladbach,Hamburg,1,2,A,0,2,A,,,,,,,,,,,,,
17/11/95,St Pauli,Dusseldorf,2,1,H,2,1,H,,,,,,,,,,,,,
18/11/95,Bayern Munich,Werder Bremen,2,0,H,1,0,H,,,,,,,,,,,,,
18/11/95,Dortmund,Karlsruhe,4,1,H,1,0,H,,,,,,,,,,,,,
18/11/95,Ein Frankfurt,FC Koln,1,0,H,0,0,D,,,,,,,,,,,,,
18/11/95,Freiburg,Hansa Rostock,2,1,H,1,1,D,,,,,,,,,,,,,
18/11/95,Kaiserslautern,Munich 1860,0,0,D,0,0,D,,,,,,,,,,,,,
18/11/95,Leverkusen,Uerdingen,2,1,H,1,0,H,,,,,,,,,,,,,
19/11/95,Stuttgart,Schalke 04,2,2,D,1,1,D,,,,,,,,,,,,,
24/11/95,Dusseldorf,Stuttgart,1,2,A,1,0,H,,,,,,,,,,,,,
24/11/95,Hamburg,St Pauli,1,0,H,1,0,H,,,,,,,,,,,,,
25/11/95,Kaiserslautern,Freiburg,1,2,A,0,0,D,,,,,,,,,,,,,
25/11/95,Karlsruhe,M'gladbach,4,0,H,1,0,H,,,,,,,,,,,,,
25/11/95,Munich 1860,Leverkusen,0,1,A,0,0,D,,,,,,,,,,,,,
25/11/95,Schalke 04,Ein Frankfurt,2,0,H,1,0,H,,,,,,,,,,,,,
25/11/95,Uerdingen,Dortmund,0,2,A,0,0,D,,,,,,,,,,,,,
25/11/95,Werder Bremen,Hansa Rostock,0,2,A,0,1,A,,,,,,,,,,,,,
26/11/95,FC Koln,Bayern Munich,0,0,D,0,0,D,,,,,,,,,,,,,
01/12/95,Dortmund,Munich 1860,3,1,H,1,1,D,,,,,,,,,,,,,
01/12/95,Leverkusen,Freiburg,0,1,A,0,1,A,,,,,,,,,,,,,
01/12/95,Werder Bremen,FC Koln,0,1,A,0,0,D,,,,,,,,,,,,,
02/12/95,Bayern Munich,Schalke 04,4,0,H,1,0,H,,,,,,,,,,,,,
02/12/95,Ein Frankfurt,Dusseldorf,3,0,H,3,0,H,,,,,,,,,,,,,
02/12/95,Hansa Rostock,Kaiserslautern,3,0,H,2,0,H,,,,,,,,,,,,,
02/12/95,M'gladbach,Uerdingen,2,1,H,2,1,H,,,,,,,,,,,,,
02/12/95,St Pauli,Karlsruhe,1,1,D,1,1,D,,,,,,,,,,,,,
02/12/95,Stuttgart,Hamburg,3,0,H,1,0,H,,,,,,,,,,,,,
08/12/95,Hamburg,Ein Frankfurt,5,1,H,4,0,H,,,,,,,,,,,,,
08/12/95,Uerdingen,St Pauli,2,5,A,2,2,D,,,,,,,,,,,,,
09/12/95,Dusseldorf,Bayern Munich,0,2,A,0,0,D,,,,,,,,,,,,,
09/12/95,Freiburg,Dortmund,0,1,A,0,0,D,,,,,,,,,,,,,
09/12/95,Kaiserslautern,Leverkusen,1,0,H,0,0,D,,,,,,,,,,,,,
09/12/95,Karlsruhe,Stuttgart,1,2,A,0,1,A,,,,,,,,,,,,,
09/12/95,Munich 1860,M'gladbach,4,0,H,2,0,H,,,,,,,,,,,,,
09/12/95,Schalke 04,Werder Bremen,2,1,H,0,0,D,,,,,,,,,,,,,
10/12/95,FC Koln,Hansa Rostock,3,0,H,1,0,H,,,,,,,,,,,,,
09/02/96,Freiburg,M'gladbach,0,0,D,0,0,D,,,,,,,,,,,,,
10/02/96,Kaiserslautern,Dortmund,1,1,D,1,1,D,,,,,,,,,,,,,
10/02/96,Karlsruhe,Ein Frankfurt,1,1,D,0,1,A,,,,,,,,,,,,,
10/02/96,Munich 1860,St Pauli,2,0,H,1,0,H,,,,,,,,,,,,,
11/02/96,Hamburg,Bayern Munich,2,1,H,0,1,A,,,,,,,,,,,,,
14/02/96,FC Koln,Dusseldorf,0,0,D,0,0,D,,,,,,,,,,,,,
16/02/96,Ein Frankfurt,Uerdingen,1,0,H,1,0,H,,,,,,,,,,,,,
17/02/96,Bayern Munich,Karlsruhe,1,4,A,0,1,A,,,,,,,,,,,,,
17/02/96,Stuttgart,Munich 1860,2,3,A,2,2,D,,,,,,,,,,,,,
23/02/96,Kaiserslautern,St Pauli,0,0,D,0,0,D,,,,,,,,,,,,,
23/02/96,Leverkusen,M'gladbach,0,0,D,0,0,D,,,,,,,,,,,,,
24/02/96,Dortmund,Hansa Rostock,1,2,A,0,1,A,,,,,,,,,,,,,
24/02/96,Dusseldorf,Schalke 04,2,0,H,1,0,H,,,,,,,,,,,,,
24/02/96,Freiburg,Stuttgart,2,1,H,1,0,H,,,,,,,,,,,,,
24/02/96,Karlsruhe,Werder Bremen,1,1,D,1,1,D,,,,,,,,,,,,,
24/02/96,Munich 1860,Ein Frankfurt,3,1,H,2,0,H,,,,,,,,,,,,,
25/02/96,Uerdingen,Bayern Munich,1,6,A,0,1,A,,,,,,,,,,,,,
01/03/96,Werder Bremen,Uerdingen,1,0,H,1,0,H,,,,,,,,,,,,,
02/03/96,Bayern Munich,Munich 1860,4,2,H,4,1,H,,,,,,,,,,,,,
02/03/96,Ein Frankfurt,Freiburg,0,1,A,0,0,D,,,,,,,,,,,,,
02/03/96,FC Koln,Karlsruhe,0,1,A,0,0,D,,,,,,,,,,,,,
02/03/96,M'gladbach,Dortmund,2,2,D,1,0,H,,,,,,,,,,,,,
02/03/96,Schalke 04,Hamburg,3,0,H,2,0,H,,,,,,,,,,,,,
02/03/96,Stuttgart,Kaiserslautern,2,0,H,0,0,D,,,,,,,,,,,,,
03/03/96,Hansa Rostock,Dusseldorf,0,0,D,0,0,D,,,,,,,,,,,,,
05/03/96,Schalke 04,FC Koln,0,0,D,0,0,D,,,,,,,,,,,,,
05/03/96,St Pauli,Freiburg,1,1,D,1,0,H,,,,,,,,,,,,,
05/03/96,Werder Bremen,Hamburg,2,1,H,2,1,H,,,,,,,,,,,,,
08/03/96,Hamburg,Dusseldorf,4,1,H,0,0,D,,,,,,,,,,,,,
08/03/96,Leverkusen,Stuttgart,0,0,D,0,0,D,,,,,,,,,,,,,
09/03/96,Dortmund,St Pauli,1,0,H,0,0,D,,,,,,,,,,,,,
09/03/96,Freiburg,Bayern Munich,3,1,H,1,1,D,,,,,,,,,,,,,
09/03/96,Kaiserslautern,Ein Frankfurt,1,1,D,0,0,D,,,,,,,,,,,,,
09/03/96,Karlsruhe,Schalke 04,0,1,A,0,1,A,,,,,,,,,,,,,
09/03/96,Munich 1860,Werder Bremen,1,1,D,1,0,H,,,,,,,,,,,,,
09/03/96,Uerdingen,FC Koln,1,1,D,1,0,H,,,,,,,,,,,,,
10/03/96,M'gladbach,Hansa Rostock,3,2,H,2,1,H,,,,,,,,,,,,,
12/03/96,Dusseldorf,Werder Bremen,1,1,D,0,0,D,,,,,,,,,,,,,
15/03/96,FC Koln,Munich 1860,2,0,H,0,0,D,,,,,,,,,,,,,
15/03/96,Werder Bremen,Freiburg,0,2,A,0,0,D,,,,,,,,,,,,,
16/03/96,Bayern Munich,Kaiserslautern,2,0,H,1,0,H,,,,,,,,,,,,,
16/03/96,Ein Frankfurt,Leverkusen,1,1,D,0,0,D,,,,,,,,,,,,,
16/03/96,Schalke 04,Uerdingen,1,1,D,0,0,D,,,,,,,,,,,,,
16/03/96,St Pauli,M'gladbach,0,2,A,0,0,D,,,,,,,,,,,,,
16/03/96,Stuttgart,Dortmund,0,5,A,0,2,A,,,,,,,,,,,,,
17/03/96,Dusseldorf,Karlsruhe,2,0,H,1,0,H,,,,,,,,,,,,,
19/03/96,Hamburg,FC Koln,0,0,D,0,0,D,,,,,,,,,,,,,
19/03/96,Leverkusen,Hansa Rostock,2,0,H,1,0,H,,,,,,,,,,,,,
19/03/96,Uerdingen,Stuttgart,3,4,A,1,1,D,,,,,,,,,,,,,
22/03/96,Karlsruhe,Hamburg,3,1,H,2,1,H,,,,,,,,,,,,,
22/03/96,Munich 1860,Schalke 04,1,1,D,1,0,H,,,,,,,,,,,,,
23/03/96,Dortmund,Ein Frankfurt,6,0,H,2,0,H,,,,,,,,,,,,,
23/03/96,Freiburg,FC Koln,2,0,H,0,0,D,,,,,,,,,,,,,
23/03/96,Kaiserslautern,Werder Bremen,0,0,D,0,0,D,,,,,,,,,,,,,
23/03/96,Leverkusen,Bayern Munich,1,2,A,1,1,D,,,,,,,,,,,,,
23/03/96,Uerdingen,Dusseldorf,1,3,A,1,1,D,,,,,,,,,,,,,
24/03/96,M'gladbach,Stuttgart,1,1,D,0,1,A,,,,,,,,,,,,,
24/03/96,St Pauli,Hansa Rostock,3,2,H,2,1,H,,,,,,,,,,,,,
29/03/96,FC Koln,Kaiserslautern,0,1,A,0,1,A,,,,,,,,,,,,,
29/03/96,Hamburg,Uerdingen,0,0,D,0,0,D,,,,,,,,,,,,,
30/03/96,Bayern Munich,Dortmund,1,0,H,1,0,H,,,,,,,,,,,,,
30/03/96,Ein Frankfurt,M'gladbach,0,2,A,0,2,A,,,,,,,,,,,,,
30/03/96,Hansa Rostock,Karlsruhe,1,1,D,0,0,D,,,,,,,,,,,,,
30/03/96,Schalke 04,Freiburg,3,0,H,1,0,H,,,,,,,,,,,,,
30/03/96,Stuttgart,St Pauli,1,1,D,1,0,H,,,,,,,,,,,,,
30/03/96,Werder Bremen,Leverkusen,2,1,H,1,0,H,,,,,,,,,,,,,
31/03/96,Dusseldorf,Munich 1860,1,1,D,0,0,D,,,,,,,,,,,,,
02/04/96,St Pauli,Leverkusen,2,1,H,0,0,D,,,,,,,,,,,,,
04/04/96,Kaiserslautern,Schalke 04,0,0,D,0,0,D,,,,,,,,,,,,,
04/04/96,Stuttgart,Hansa Rostock,1,1,D,1,0,H,,,,,,,,,,,,,
04/04/96,Uerdingen,Karlsruhe,2,3,A,1,0,H,,,,,,,,,,,,,
06/04/96,Dortmund,Werder Bremen,1,1,D,1,1,D,,,,,,,,,,,,,
06/04/96,Freiburg,Dusseldorf,1,1,D,1,0,H,,,,,,,,,,,,,
06/04/96,Leverkusen,FC Koln,1,2,A,1,1,D,,,,,,,,,,,,,
06/04/96,Munich 1860,Hamburg,5,0,H,2,0,H,,,,,,,,,,,,,
06/04/96,St Pauli,Ein Frankfurt,2,1,H,1,1,D,,,,,,,,,,,,,
07/04/96,M'gladbach,Bayern Munich,3,1,H,2,1,H,,,,,,,,,,,,,
09/04/96,Ein Frankfurt,Stuttgart,2,2,D,2,2,D,,,,,,,,,,,,,
09/04/96,FC Koln,Dortmund,0,0,D,0,0,D,,,,,,,,,,,,,
09/04/96,Hansa Rostock,Uerdingen,1,0,H,0,0,D,,,,,,,,,,,,,
09/04/96,Karlsruhe,Munich 1860,1,1,D,1,0,H,,,,,,,,,,,,,
09/04/96,Schalke 04,Leverkusen,1,1,D,0,1,A,,,,,,,,,,,,,
10/04/96,Bayern Munich,St Pauli,1,1,D,0,1,A,,,,,,,,,,,,,
10/04/96,Dusseldorf,Kaiserslautern,2,1,H,0,1,A,,,,,,,,,,,,,
10/04/96,Hamburg,Freiburg,0,0,D,0,0,D,,,,,,,,,,,,,
10/04/96,Werder Bremen,M'gladbach,2,0,H,1,0,H,,,,,,,,,,,,,
12/04/96,Ein Frankfurt,Hansa Rostock,1,3,A,1,1,D,,,,,,,,,,,,,
12/04/96,Munich 1860,Uerdingen,2,1,H,0,1,A,,,,,,,,,,,,,
13/04/96,Dortmund,Schalke 04,0,0,D,0,0,D,,,,,,,,,,,,,
13/04/96,Freiburg,Karlsruhe,0,3,A,0,2,A,,,,,,,,,,,,,
13/04/96,Kaiserslautern,Hamburg,1,2,A,0,1,A,,,,,,,,,,,,,
13/04/96,M'gladbach,FC Koln,2,1,H,1,0,H,,,,,,,,,,,,,
13/04/96,St Pauli,Werder Bremen,1,2,A,0,1,A,,,,,,,,,,,,,
13/04/96,Stuttgart,Bayern Munich,0,1,A,0,0,D,,,,,,,,,,,,,
14/04/96,Leverkusen,Dusseldorf,0,0,D,0,0,D,,,,,,,,,,,,,
16/04/96,M'gladbach,Kaiserslautern,1,1,D,1,0,H,,,,,,,,,,,,,
17/04/96,Hansa Rostock,Hamburg,2,0,H,2,0,H,,,,,,,,,,,,,
19/04/96,Karlsruhe,Kaiserslautern,0,0,D,0,0,D,,,,,,,,,,,,,
19/04/96,Uerdingen,Freiburg,3,1,H,1,0,H,,,,,,,,,,,,,
20/04/96,Bayern Munich,Ein Frankfurt,1,1,D,0,1,A,,,,,,,,,,,,,
20/04/96,Dusseldorf,Dortmund,1,2,A,1,2,A,,,,,,,,,,,,,
20/04/96,FC Koln,St Pauli,1,0,H,0,0,D,,,,,,,,,,,,,
20/04/96,Hansa Rostock,Munich 1860,0,3,A,0,1,A,,,,,,,,,,,,,
20/04/96,Werder Bremen,Stuttgart,2,2,D,1,0,H,,,,,,,,,,,,,
21/04/96,Schalke 04,M'gladbach,3,3,D,1,2,A,,,,,,,,,,,,,
24/04/96,Hamburg,Leverkusen,2,2,D,1,1,D,,,,,,,,,,,,,
26/04/96,Kaiserslautern,Uerdingen,3,0,H,2,0,H,,,,,,,,,,,,,
26/04/96,St Pauli,Schalke 04,2,0,H,2,0,H,,,,,,,,,,,,,
27/04/96,Bayern Munich,Hansa Rostock,0,1,A,0,0,D,,,,,,,,,,,,,
27/04/96,Dortmund,Hamburg,1,1,D,1,1,D,,,,,,,,,,,,,
27/04/96,Ein Frankfurt,Werder Bremen,1,0,H,0,0,D,,,,,,,,,,,,,
27/04/96,Freiburg,Munich 1860,1,0,H,0,0,D,,,,,,,,,,,,,
27/04/96,Leverkusen,Karlsruhe,1,2,A,1,1,D,,,,,,,,,,,,,
27/04/96,Stuttgart,FC Koln,0,1,A,0,0,D,,,,,,,,,,,,,
28/04/96,M'gladbach,Dusseldorf,1,1,D,0,1,A,,,,,,,,,,,,,
30/04/96,Hansa Rostock,Freiburg,1,0,H,0,0,D,,,,,,,,,,,,,
30/04/96,Karlsruhe,Dortmund,5,0,H,1,0,H,,,,,,,,,,,,,
30/04/96,Schalke 04,Stuttgart,2,0,H,0,0,D,,,,,,,,,,,,,
30/04/96,Uerdingen,Leverkusen,3,0,H,1,0,H,,,,,,,,,,,,,
01/05/96,Dusseldorf,St Pauli,2,0,H,1,0,H,,,,,,,,,,,,,
01/05/96,FC Koln,Ein Frankfurt,3,0,H,1,0,H,,,,,,,,,,,,,
01/05/96,Hamburg,M'gladbach,2,1,H,1,0,H,,,,,,,,,,,,,
03/05/96,Dortmund,Uerdingen,5,0,H,4,0,H,,,,,,,,,,,,,
03/05/96,Freiburg,Kaiserslautern,0,0,D,0,0,D,,,,,,,,,,,,,
04/05/96,Bayern Munich,FC Koln,3,2,H,1,0,H,,,,,,,,,,,,,
04/05/96,Ein Frankfurt,Schalke 04,0,3,A,0,1,A,,,,,,,,,,,,,
04/05/96,Hansa Rostock,Werder Bremen,2,1,H,0,0,D,,,,,,,,,,,,,
04/05/96,Leverkusen,Munich 1860,2,1,H,1,0,H,,,,,,,,,,,,,
04/05/96,M'gladbach,Karlsruhe,1,2,A,0,1,A,,,,,,,,,,,,,
04/05/96,Stuttgart,Dusseldorf,2,3,A,0,0,D,,,,,,,,,,,,,
05/05/96,St Pauli,Hamburg,1,1,D,1,0,H,,,,,,,,,,,,,
07/05/96,Dortmund,Leverkusen,2,0,H,1,0,H,,,,,,,,,,,,,
07/05/96,Hansa Rostock,Schalke 04,1,2,A,1,0,H,,,,,,,,,,,,,
07/05/96,Munich 1860,Kaiserslautern,1,1,D,1,1,D,,,,,,,,,,,,,
07/05/96,Werder Bremen,Bayern Munich,3,2,H,1,2,A,,,,,,,,,,,,,
11/05/96,Dusseldorf,Ein Frankfurt,2,2,D,2,0,H,,,,,,,,,,,,,
11/05/96,FC Koln,Werder Bremen,1,2,A,1,0,H,,,,,,,,,,,,,
11/05/96,Freiburg,Leverkusen,2,1,H,2,0,H,,,,,,,,,,,,,
11/05/96,Hamburg,Stuttgart,3,0,H,1,0,H,,,,,,,,,,,,,
11/05/96,Kaiserslautern,Hansa Rostock,2,0,H,2,0,H,,,,,,,,,,,,,
11/05/96,Karlsruhe,St Pauli,2,2,D,0,1,A,,,,,,,,,,,,,
11/05/96,Munich 1860,Dortmund,2,2,D,0,1,A,,,,,,,,,,,,,
11/05/96,Schalke 04,Bayern Munich,2,1,H,1,1,D,,,,,,,,,,,,,
11/05/96,Uerdingen,M'gladbach,0,2,A,0,2,A,,,,,,,,,,,,,
18/05/96,Bayern Munich,Dusseldorf,2,2,D,0,2,A,,,,,,,,,,,,,
18/05/96,Dortmund,Freiburg,3,2,H,0,0,D,,,,,,,,,,,,,
18/05/96,Ein Frankfurt,Hamburg,1,4,A,0,1,A,,,,,,,,,,,,,
18/05/96,Hansa Rostock,FC Koln,0,1,A,0,0,D,,,,,,,,,,,,,
18/05/96,Leverkusen,Kaiserslautern,1,1,D,0,0,D,,,,,,,,,,,,,
18/05/96,M'gladbach,Munich 1860,0,2,A,0,0,D,,,,,,,,,,,,,
18/05/96,St Pauli,Uerdingen,0,2,A,0,2,A,,,,,,,,,,,,,
18/05/96,Stuttgart,Karlsruhe,3,1,H,2,1,H,,,,,,,,,,,,,
18/05/96,Werder Bremen,Schalke 04,1,2,A,1,0,H,,,,,,,,,,,,,
