Date,HomeTeam,AwayTeam,FTHG,FTAG,FTR,HTHG,HTAG,HTR,Referee,HS,AS,HST,AST,HF,AF,HC,AC,HY,AY,HR,AR
01/08/97,Schalke 04,Leverkusen,2,1,H,0,1,A,,,,,,,,,,,,,
01/08/97,Stuttgart,Munich 1860,1,1,D,1,0,H,,,,,,,,,,,,,
02/08/97,Bayern Munich,Kaiserslautern,0,1,A,0,0,D,,,,,,,,,,,,,
02/08/97,Bochum,Bielefeld,1,0,H,0,0,D,,,,,,,,,,,,,
02/08/97,FC Koln,Duisburg,3,2,H,1,1,D,,,,,,,,,,,,,
02/08/97,Hansa Rostock,Wolfsburg,0,1,A,0,0,D,,,,,,,,,,,,,
02/08/97,Karlsruhe,Werder Bremen,3,1,H,1,0,H,,,,,,,,,,,,,
03/08/97,Hamburg,M'gladbach,2,2,D,0,1,A,,,,,,,,,,,,,
03/08/97,Hertha,Dortmund,1,1,D,1,1,D,,,,,,,,,,,,,
05/08/97,Bielefeld,Stuttgart,2,1,H,0,1,A,,,,,,,,,,,,,
05/08/97,Duisburg,Schalke 04,1,0,H,0,0,D,,,,,,,,,,,,,
05/08/97,Leverkusen,Bochum,3,2,H,0,1,A,,,,,,,,,,,,,
05/08/97,Munich 1860,Karlsruhe,2,2,D,1,1,D,,,,,,,,,,,,,
05/08/97,Werder Bremen,Hansa Rostock,1,1,D,1,0,H,,,,,,,,,,,,,
06/08/97,Dortmund,FC Koln,3,0,H,2,0,H,,,,,,,,,,,,,
06/08/97,Kaiserslautern,Hertha,1,0,H,0,0,D,,,,,,,,,,,,,
06/08/97,M'gladbach,Bayern Munich,1,1,D,1,0,H,,,,,,,,,,,,,
06/08/97,Wolfsburg,Hamburg,1,1,D,1,1,D,,,,,,,,,,,,,
08/08/97,Bochum,Duisburg,0,0,D,0,0,D,,,,,,,,,,,,,
08/08/97,Stuttgart,Leverkusen,1,0,H,1,0,H,,,,,,,,,,,,,
09/08/97,Bayern Munich,Wolfsburg,5,2,H,3,1,H,,,,,,,,,,,,,
09/08/97,FC Koln,Kaiserslautern,0,0,D,0,0,D,,,,,,,,,,,,,
09/08/97,Hansa Rostock,Hamburg,2,1,H,2,0,H,,,,,,,,,,,,,
09/08/97,Karlsruhe,Bielefeld,3,1,H,1,0,H,,,,,,,,,,,,,
09/08/97,Schalke 04,Dortmund,1,0,H,0,0,D,,,,,,,,,,,,,
09/08/97,Werder Bremen,Munich 1860,3,3,D,2,1,H,,,,,,,,,,,,,
10/08/97,Hertha,M'gladbach,2,2,D,1,0,H,,,,,,,,,,,,,
22/08/97,Munich 1860,Hansa Rostock,0,1,A,0,0,D,,,,,,,,,,,,,
22/08/97,Wolfsburg,Hertha,2,1,H,1,0,H,,,,,,,,,,,,,
23/08/97,Bielefeld,Werder Bremen,3,0,H,1,0,H,,,,,,,,,,,,,
23/08/97,Dortmund,Bochum,5,2,H,3,1,H,,,,,,,,,,,,,
23/08/97,Duisburg,Stuttgart,0,3,A,0,1,A,,,,,,,,,,,,,
23/08/97,Kaiserslautern,Schalke 04,3,0,H,2,0,H,,,,,,,,,,,,,
23/08/97,Leverkusen,Karlsruhe,6,1,H,2,1,H,,,,,,,,,,,,,
23/08/97,M'gladbach,FC Koln,4,1,H,3,0,H,,,,,,,,,,,,,
24/08/97,Hamburg,Bayern Munich,0,2,A,0,1,A,,,,,,,,,,,,,
29/08/97,Bochum,Kaiserslautern,1,3,A,0,1,A,,,,,,,,,,,,,
29/08/97,Hertha,Hamburg,0,2,A,0,1,A,,,,,,,,,,,,,
30/08/97,FC Koln,Wolfsburg,5,3,H,2,1,H,,,,,,,,,,,,,
30/08/97,Hansa Rostock,Bayern Munich,1,3,A,0,0,D,,,,,,,,,,,,,
30/08/97,Schalke 04,M'gladbach,2,0,H,1,0,H,,,,,,,,,,,,,
30/08/97,Stuttgart,Dortmund,0,0,D,0,0,D,,,,,,,,,,,,,
30/08/97,Werder Bremen,Leverkusen,2,1,H,1,0,H,,,,,,,,,,,,,
31/08/97,Karlsruhe,Duisburg,1,2,A,0,0,D,,,,,,,,,,,,,
01/09/97,Munich 1860,Bielefeld,1,0,H,0,0,D,,,,,,,,,,,,,
12/09/97,Bielefeld,Hansa Rostock,0,1,A,0,1,A,,,,,,,,,,,,,
12/09/97,Hamburg,FC Koln,2,1,H,2,0,H,,,,,,,,,,,,,
13/09/97,Bayern Munich,Hertha,3,0,H,1,0,H,,,,,,,,,,,,,
13/09/97,Dortmund,Karlsruhe,2,2,D,0,1,A,,,,,,,,,,,,,
13/09/97,Duisburg,Werder Bremen,2,1,H,2,1,H,,,,,,,,,,,,,
13/09/97,Leverkusen,Munich 1860,2,2,D,0,0,D,,,,,,,,,,,,,
13/09/97,M'gladbach,Bochum,2,1,H,0,1,A,,,,,,,,,,,,,
13/09/97,Wolfsburg,Schalke 04,0,0,D,0,0,D,,,,,,,,,,,,,
14/09/97,Kaiserslautern,Stuttgart,4,3,H,1,2,A,,,,,,,,,,,,,
19/09/97,Karlsruhe,Kaiserslautern,2,4,A,0,2,A,,,,,,,,,,,,,
19/09/97,Munich 1860,Duisburg,0,1,A,0,1,A,,,,,,,,,,,,,
20/09/97,Bielefeld,Leverkusen,2,1,H,1,1,D,,,,,,,,,,,,,
20/09/97,Bochum,Wolfsburg,2,1,H,2,0,H,,,,,,,,,,,,,
20/09/97,FC Koln,Bayern Munich,1,3,A,1,2,A,,,,,,,,,,,,,
20/09/97,Hansa Rostock,Hertha,4,0,H,2,0,H,,,,,,,,,,,,,
20/09/97,Schalke 04,Hamburg,2,2,D,1,2,A,,,,,,,,,,,,,
20/09/97,Werder Bremen,Dortmund,2,1,H,2,1,H,,,,,,,,,,,,,
21/09/97,Stuttgart,M'gladbach,3,0,H,2,0,H,,,,,,,,,,,,,
26/09/97,Bayern Munich,Schalke 04,1,1,D,0,1,A,,,,,,,,,,,,,
26/09/97,Duisburg,Bielefeld,2,1,H,2,0,H,,,,,,,,,,,,,
27/09/97,Dortmund,Munich 1860,2,3,A,1,2,A,,,,,,,,,,,,,
27/09/97,Hamburg,Bochum,2,1,H,0,0,D,,,,,,,,,,,,,
27/09/97,Kaiserslautern,Werder Bremen,1,3,A,1,0,H,,,,,,,,,,,,,
27/09/97,Leverkusen,Hansa Rostock,1,1,D,0,1,A,,,,,,,,,,,,,
27/09/97,M'gladbach,Karlsruhe,1,1,D,0,0,D,,,,,,,,,,,,,
27/09/97,Wolfsburg,Stuttgart,1,0,H,0,0,D,,,,,,,,,,,,,
28/09/97,Hertha,FC Koln,1,0,H,1,0,H,,,,,,,,,,,,,
03/10/97,Munich 1860,Kaiserslautern,1,3,A,1,2,A,,,,,,,,,,,,,
03/10/97,Werder Bremen,M'gladbach,1,0,H,0,0,D,,,,,,,,,,,,,
04/10/97,Bielefeld,Dortmund,3,1,H,0,0,D,,,,,,,,,,,,,
04/10/97,Bochum,Bayern Munich,2,3,A,1,2,A,,,,,,,,,,,,,
04/10/97,Hansa Rostock,FC Koln,1,2,A,0,1,A,,,,,,,,,,,,,
04/10/97,Karlsruhe,Wolfsburg,2,1,H,2,0,H,,,,,,,,,,,,,
04/10/97,Leverkusen,Duisburg,2,1,H,2,1,H,,,,,,,,,,,,,
04/10/97,Schalke 04,Hertha,1,0,H,0,0,D,,,,,,,,,,,,,
05/10/97,Stuttgart,Hamburg,5,2,H,1,1,D,,,,,,,,,,,,,
14/10/97,Dortmund,Leverkusen,0,1,A,0,0,D,,,,,,,,,,,,,
14/10/97,FC Koln,Schalke 04,0,2,A,0,1,A,,,,,,,,,,,,,
14/10/97,Hamburg,Karlsruhe,3,1,H,1,1,D,,,,,,,,,,,,,
14/10/97,Hertha,Bochum,2,2,D,1,1,D,,,,,,,,,,,,,
14/10/97,Wolfsburg,Werder Bremen,1,0,H,0,0,D,,,,,,,,,,,,,
15/10/97,Bayern Munich,Stuttgart,3,3,D,1,1,D,,,,,,,,,,,,,
15/10/97,Duisburg,Hansa Rostock,0,1,A,0,1,A,,,,,,,,,,,,,
15/10/97,Kaiserslautern,Bielefeld,3,1,H,2,1,H,,,,,,,,,,,,,
15/10/97,M'gladbach,Munich 1860,5,1,H,2,1,H,,,,,,,,,,,,,
17/10/97,Bochum,FC Koln,2,1,H,1,0,H,,,,,,,,,,,,,
17/10/97,Werder Bremen,Hamburg,0,0,D,0,0,D,,,,,,,,,,,,,
18/10/97,Duisburg,Dortmund,0,0,D,0,0,D,,,,,,,,,,,,,
18/10/97,Hansa Rostock,Schalke 04,4,1,H,2,0,H,,,,,,,,,,,,,
18/10/97,Karlsruhe,Bayern Munich,1,1,D,1,0,H,,,,,,,,,,,,,
18/10/97,Leverkusen,Kaiserslautern,1,1,D,0,0,D,,,,,,,,,,,,,
18/10/97,Munich 1860,Wolfsburg,2,1,H,2,0,H,,,,,,,,,,,,,
18/10/97,Stuttgart,Hertha,4,1,H,2,0,H,,,,,,,,,,,,,
19/10/97,Bielefeld,M'gladbach,3,1,H,2,1,H,,,,,,,,,,,,,
24/10/97,Kaiserslautern,Duisburg,1,0,H,1,0,H,,,,,,,,,,,,,
24/10/97,Schalke 04,Bochum,2,0,H,0,0,D,,,,,,,,,,,,,
25/10/97,Bayern Munich,Werder Bremen,2,0,H,1,0,H,,,,,,,,,,,,,
25/10/97,Dortmund,Hansa Rostock,3,2,H,2,1,H,,,,,,,,,,,,,
25/10/97,Hamburg,Munich 1860,1,2,A,0,1,A,,,,,,,,,,,,,
25/10/97,Hertha,Karlsruhe,3,1,H,0,1,A,,,,,,,,,,,,,
25/10/97,M'gladbach,Leverkusen,2,2,D,1,1,D,,,,,,,,,,,,,
25/10/97,Wolfsburg,Bielefeld,2,0,H,1,0,H,,,,,,,,,,,,,
26/10/97,FC Koln,Stuttgart,4,2,H,3,1,H,,,,,,,,,,,,,
31/10/97,Dortmund,Kaiserslautern,2,2,D,2,1,H,,,,,,,,,,,,,
31/10/97,Duisburg,M'gladbach,4,5,A,2,2,D,,,,,,,,,,,,,
31/10/97,Leverkusen,Wolfsburg,2,1,H,1,0,H,,,,,,,,,,,,,
01/11/97,Hansa Rostock,Bochum,2,2,D,1,0,H,,,,,,,,,,,,,
01/11/97,Karlsruhe,FC Koln,3,1,H,0,1,A,,,,,,,,,,,,,
01/11/97,Munich 1860,Bayern Munich,2,2,D,1,1,D,,,,,,,,,,,,,
01/11/97,Stuttgart,Schalke 04,0,0,D,0,0,D,,,,,,,,,,,,,
01/11/97,Werder Bremen,Hertha,0,2,A,0,1,A,,,,,,,,,,,,,
02/11/97,Bielefeld,Hamburg,0,3,A,0,1,A,,,,,,,,,,,,,
07/11/97,Kaiserslautern,Hansa Rostock,4,3,H,2,2,D,,,,,,,,,,,,,
07/11/97,Wolfsburg,Duisburg,0,2,A,0,2,A,,,,,,,,,,,,,
08/11/97,Bayern Munich,Bielefeld,1,0,H,1,0,H,,,,,,,,,,,,,
08/11/97,FC Koln,Werder Bremen,2,0,H,0,0,D,,,,,,,,,,,,,
08/11/97,Hamburg,Leverkusen,0,1,A,0,0,D,,,,,,,,,,,,,
08/11/97,Hertha,Munich 1860,2,0,H,2,0,H,,,,,,,,,,,,,
08/11/97,M'gladbach,Dortmund,1,1,D,1,1,D,,,,,,,,,,,,,
08/11/97,Schalke 04,Karlsruhe,2,0,H,0,0,D,,,,,,,,,,,,,
09/11/97,Bochum,Stuttgart,0,2,A,0,0,D,,,,,,,,,,,,,
11/11/97,Dortmund,Bayern Munich,0,2,A,0,2,A,,,,,,,,,,,,,
11/11/97,Leverkusen,FC Koln,4,0,H,2,0,H,,,,,,,,,,,,,
18/11/97,Dortmund,Wolfsburg,2,1,H,1,0,H,,,,,,,,,,,,,
18/11/97,Duisburg,Hamburg,3,0,H,2,0,H,,,,,,,,,,,,,
18/11/97,Karlsruhe,Bochum,1,1,D,0,0,D,,,,,,,,,,,,,
18/11/97,Werder Bremen,Schalke 04,2,1,H,2,1,H,,,,,,,,,,,,,
19/11/97,Bielefeld,Hertha,1,3,A,1,0,H,,,,,,,,,,,,,
19/11/97,M'gladbach,Kaiserslautern,1,3,A,0,1,A,,,,,,,,,,,,,
19/11/97,Munich 1860,FC Koln,1,0,H,1,0,H,,,,,,,,,,,,,
19/11/97,Stuttgart,Hansa Rostock,2,1,H,1,0,H,,,,,,,,,,,,,
21/11/97,Bochum,Werder Bremen,0,1,A,0,0,D,,,,,,,,,,,,,
21/11/97,Hamburg,Dortmund,1,3,A,1,1,D,,,,,,,,,,,,,
22/11/97,Bayern Munich,Duisburg,3,0,H,2,0,H,,,,,,,,,,,,,
22/11/97,FC Koln,Bielefeld,3,5,A,2,2,D,,,,,,,,,,,,,
22/11/97,Hertha,Leverkusen,2,2,D,2,0,H,,,,,,,,,,,,,
22/11/97,Schalke 04,Munich 1860,2,0,H,0,0,D,,,,,,,,,,,,,
22/11/97,Stuttgart,Karlsruhe,3,0,H,2,0,H,,,,,,,,,,,,,
22/11/97,Wolfsburg,Kaiserslautern,2,1,H,1,0,H,,,,,,,,,,,,,
23/11/97,Hansa Rostock,M'gladbach,2,0,H,2,0,H,,,,,,,,,,,,,
28/11/97,Duisburg,Hertha,0,1,A,0,1,A,,,,,,,,,,,,,
28/11/97,Karlsruhe,Hansa Rostock,3,0,H,1,0,H,,,,,,,,,,,,,
29/11/97,Bielefeld,Schalke 04,1,1,D,0,0,D,,,,,,,,,,,,,
29/11/97,Kaiserslautern,Hamburg,2,1,H,0,0,D,,,,,,,,,,,,,
29/11/97,M'gladbach,Wolfsburg,0,2,A,0,2,A,,,,,,,,,,,,,
29/11/97,Munich 1860,Bochum,0,2,A,0,2,A,,,,,,,,,,,,,
29/11/97,Werder Bremen,Stuttgart,2,2,D,0,0,D,,,,,,,,,,,,,
30/11/97,Leverkusen,Bayern Munich,4,2,H,1,2,A,,,,,,,,,,,,,
05/12/97,Kaiserslautern,Bayern Munich,2,0,H,1,0,H,,,,,,,,,,,,,
06/12/97,Bielefeld,Bochum,0,2,A,0,0,D,,,,,,,,,,,,,
06/12/97,Duisburg,FC Koln,2,2,D,1,1,D,,,,,,,,,,,,,
06/12/97,Leverkusen,Schalke 04,0,0,D,0,0,D,,,,,,,,,,,,,
06/12/97,M'gladbach,Hamburg,1,1,D,1,0,H,,,,,,,,,,,,,
06/12/97,Munich 1860,Stuttgart,1,3,A,1,0,H,,,,,,,,,,,,,
06/12/97,Werder Bremen,Karlsruhe,2,4,A,2,1,H,,,,,,,,,,,,,
07/12/97,Wolfsburg,Hansa Rostock,1,1,D,0,0,D,,,,,,,,,,,,,
12/12/97,Hansa Rostock,Werder Bremen,1,2,A,1,1,D,,,,,,,,,,,,,
12/12/97,Hertha,Kaiserslautern,2,0,H,1,0,H,,,,,,,,,,,,,
13/12/97,Bayern Munich,M'gladbach,3,2,H,1,0,H,,,,,,,,,,,,,
13/12/97,FC Koln,Dortmund,4,2,H,2,1,H,,,,,,,,,,,,,
13/12/97,Hamburg,Wolfsburg,1,2,A,0,1,A,,,,,,,,,,,,,
13/12/97,Karlsruhe,Munich 1860,0,0,D,0,0,D,,,,,,,,,,,,,
13/12/97,Schalke 04,Duisburg,1,1,D,1,1,D,,,,,,,,,,,,,
13/12/97,Stuttgart,Bielefeld,1,0,H,0,0,D,,,,,,,,,,,,,
14/12/97,Bochum,Leverkusen,0,0,D,0,0,D,,,,,,,,,,,,,
16/12/97,Dortmund,Hertha,3,0,H,2,0,H,,,,,,,,,,,,,
19/12/97,Dortmund,Schalke 04,2,2,D,1,0,H,,,,,,,,,,,,,
19/12/97,M'gladbach,Hertha,4,2,H,2,2,D,,,,,,,,,,,,,
20/12/97,Bielefeld,Karlsruhe,2,1,H,0,1,A,,,,,,,,,,,,,
20/12/97,Duisburg,Bochum,2,0,H,0,0,D,,,,,,,,,,,,,
20/12/97,Kaiserslautern,FC Koln,3,2,H,1,1,D,,,,,,,,,,,,,
20/12/97,Leverkusen,Stuttgart,6,1,H,3,1,H,,,,,,,,,,,,,
20/12/97,Munich 1860,Werder Bremen,0,1,A,0,0,D,,,,,,,,,,,,,
20/12/97,Wolfsburg,Bayern Munich,2,3,A,1,2,A,,,,,,,,,,,,,
21/12/97,Hamburg,Hansa Rostock,0,1,A,0,1,A,,,,,,,,,,,,,
30/01/98,Bochum,Dortmund,2,1,H,1,0,H,,,,,,,,,,,,,
30/01/98,Stuttgart,Duisburg,1,1,D,1,0,H,,,,,,,,,,,,,
31/01/98,Bayern Munich,Hamburg,3,0,H,2,0,H,,,,,,,,,,,,,
31/01/98,FC Koln,M'gladbach,3,2,H,1,0,H,,,,,,,,,,,,,
31/01/98,Hansa Rostock,Munich 1860,3,0,H,0,0,D,,,,,,,,,,,,,
31/01/98,Hertha,Wolfsburg,1,0,H,1,0,H,,,,,,,,,,,,,
31/01/98,Schalke 04,Kaiserslautern,1,1,D,0,1,A,,,,,,,,,,,,,
31/01/98,Werder Bremen,Bielefeld,2,1,H,1,1,D,,,,,,,,,,,,,
01/02/98,Karlsruhe,Leverkusen,1,1,D,1,1,D,,,,,,,,,,,,,
06/02/98,Duisburg,Karlsruhe,1,0,H,0,0,D,,,,,,,,,,,,,
06/02/98,Kaiserslautern,Bochum,3,0,H,2,0,H,,,,,,,,,,,,,
07/02/98,Bayern Munich,Hansa Rostock,2,0,H,2,0,H,,,,,,,,,,,,,
07/02/98,Bielefeld,Munich 1860,1,1,D,0,0,D,,,,,,,,,,,,,
07/02/98,Dortmund,Stuttgart,3,1,H,3,0,H,,,,,,,,,,,,,
07/02/98,Hamburg,Hertha,1,1,D,1,1,D,,,,,,,,,,,,,
07/02/98,Leverkusen,Werder Bremen,4,1,H,1,1,D,,,,,,,,,,,,,
07/02/98,M'gladbach,Schalke 04,0,1,A,0,1,A,,,,,,,,,,,,,
08/02/98,Wolfsburg,FC Koln,1,1,D,0,0,D,,,,,,,,,,,,,
13/02/98,FC Koln,Hamburg,1,2,A,0,0,D,,,,,,,,,,,,,
13/02/98,Karlsruhe,Dortmund,0,1,A,0,1,A,,,,,,,,,,,,,
13/02/98,Werder Bremen,Duisburg,2,2,D,1,0,H,,,,,,,,,,,,,
14/02/98,Bochum,M'gladbach,3,1,H,1,1,D,,,,,,,,,,,,,
14/02/98,Hansa Rostock,Bielefeld,2,1,H,1,0,H,,,,,,,,,,,,,
14/02/98,Hertha,Bayern Munich,2,1,H,1,0,H,,,,,,,,,,,,,
14/02/98,Munich 1860,Leverkusen,3,4,A,1,0,H,,,,,,,,,,,,,
14/02/98,Schalke 04,Wolfsburg,1,1,D,1,1,D,,,,,,,,,,,,,
14/02/98,Stuttgart,Kaiserslautern,0,1,A,0,0,D,,,,,,,,,,,,,
27/02/98,Dortmund,Werder Bremen,2,2,D,0,0,D,,,,,,,,,,,,,
27/02/98,Kaiserslautern,Karlsruhe,0,0,D,0,0,D,,,,,,,,,,,,,
28/02/98,Bayern Munich,FC Koln,0,2,A,0,0,D,,,,,,,,,,,,,
28/02/98,Duisburg,Munich 1860,0,2,A,0,0,D,,,,,,,,,,,,,
28/02/98,Hamburg,Schalke 04,1,1,D,0,1,A,,,,,,,,,,,,,
28/02/98,Leverkusen,Bielefeld,0,0,D,0,0,D,,,,,,,,,,,,,
28/02/98,M'gladbach,Stuttgart,0,0,D,0,0,D,,,,,,,,,,,,,
28/02/98,Wolfsburg,Bochum,0,2,A,0,1,A,,,,,,,,,,,,,
01/03/98,Hertha,Hansa Rostock,1,1,D,0,0,D,,,,,,,,,,,,,
06/03/98,Bochum,Hamburg,0,0,D,0,0,D,,,,,,,,,,,,,
06/03/98,Werder Bremen,Kaiserslautern,1,1,D,1,1,D,,,,,,,,,,,,,
07/03/98,Bielefeld,Duisburg,3,3,D,1,0,H,,,,,,,,,,,,,
07/03/98,FC Koln,Hertha,2,0,H,1,0,H,,,,,,,,,,,,,
07/03/98,Hansa Rostock,Leverkusen,1,2,A,0,2,A,,,,,,,,,,,,,
07/03/98,Karlsruhe,M'gladbach,2,5,A,1,1,D,,,,,,,,,,,,,
07/03/98,Munich 1860,Dortmund,4,2,H,4,0,H,,,,,,,,,,,,,
08/03/98,Schalke 04,Bayern Munich,1,0,H,1,0,H,,,,,,,,,,,,,
08/03/98,Stuttgart,Wolfsburg,2,1,H,0,1,A,,,,,,,,,,,,,
13/03/98,Duisburg,Leverkusen,1,1,D,1,1,D,,,,,,,,,,,,,
13/03/98,Hertha,Schalke 04,1,4,A,0,1,A,,,,,,,,,,,,,
14/03/98,Bayern Munich,Bochum,0,0,D,0,0,D,,,,,,,,,,,,,
14/03/98,Dortmund,Bielefeld,3,2,H,1,0,H,,,,,,,,,,,,,
14/03/98,Hamburg,Stuttgart,0,0,D,0,0,D,,,,,,,,,,,,,
14/03/98,Kaiserslautern,Munich 1860,1,0,H,1,0,H,,,,,,,,,,,,,
14/03/98,M'gladbach,Werder Bremen,0,0,D,0,0,D,,,,,,,,,,,,,
14/03/98,Wolfsburg,Karlsruhe,1,2,A,1,1,D,,,,,,,,,,,,,
15/03/98,FC Koln,Hansa Rostock,0,0,D,0,0,D,,,,,,,,,,,,,
21/03/98,Hansa Rostock,Duisburg,2,1,H,1,0,H,,,,,,,,,,,,,
21/03/98,Karlsruhe,Hamburg,0,1,A,0,0,D,,,,,,,,,,,,,
21/03/98,Munich 1860,M'gladbach,2,0,H,1,0,H,,,,,,,,,,,,,
21/03/98,Werder Bremen,Wolfsburg,3,1,H,1,0,H,,,,,,,,,,,,,
22/03/98,Stuttgart,Bayern Munich,0,3,A,0,2,A,,,,,,,,,,,,,
27/03/98,Hamburg,Werder Bremen,2,1,H,0,1,A,,,,,,,,,,,,,
27/03/98,Wolfsburg,Munich 1860,1,0,H,1,0,H,,,,,,,,,,,,,
28/03/98,Bayern Munich,Karlsruhe,1,1,D,0,1,A,,,,,,,,,,,,,
28/03/98,Dortmund,Duisburg,3,0,H,1,0,H,,,,,,,,,,,,,
28/03/98,Hertha,Stuttgart,3,0,H,2,0,H,,,,,,,,,,,,,
28/03/98,Kaiserslautern,Leverkusen,0,3,A,0,0,D,,,,,,,,,,,,,
28/03/98,M'gladbach,Bielefeld,0,0,D,0,0,D,,,,,,,,,,,,,
28/03/98,Schalke 04,Hansa Rostock,0,0,D,0,0,D,,,,,,,,,,,,,
29/03/98,FC Koln,Bochum,2,1,H,1,0,H,,,,,,,,,,,,,
03/04/98,Duisburg,Kaiserslautern,1,1,D,0,1,A,,,,,,,,,,,,,
03/04/98,Karlsruhe,Hertha,0,2,A,0,0,D,,,,,,,,,,,,,
04/04/98,Bielefeld,Wolfsburg,0,1,A,0,0,D,,,,,,,,,,,,,
04/04/98,Bochum,Schalke 04,3,0,H,1,0,H,,,,,,,,,,,,,
04/04/98,Hansa Rostock,Dortmund,3,1,H,0,1,A,,,,,,,,,,,,,
04/04/98,Leverkusen,M'gladbach,1,1,D,0,0,D,,,,,,,,,,,,,
04/04/98,Munich 1860,Hamburg,1,1,D,0,1,A,,,,,,,,,,,,,
04/04/98,Werder Bremen,Bayern Munich,0,3,A,0,1,A,,,,,,,,,,,,,
05/04/98,Stuttgart,FC Koln,1,1,D,0,0,D,,,,,,,,,,,,,
09/04/98,Bochum,Hansa Rostock,1,3,A,0,0,D,,,,,,,,,,,,,
09/04/98,Kaiserslautern,Dortmund,1,1,D,0,0,D,,,,,,,,,,,,,
11/04/98,Bayern Munich,Munich 1860,3,1,H,2,0,H,,,,,,,,,,,,,
11/04/98,FC Koln,Karlsruhe,0,1,A,0,1,A,,,,,,,,,,,,,
11/04/98,Hamburg,Bielefeld,2,0,H,1,0,H,,,,,,,,,,,,,
11/04/98,Hertha,Werder Bremen,0,2,A,0,1,A,,,,,,,,,,,,,
11/04/98,Schalke 04,Stuttgart,3,4,A,2,2,D,,,,,,,,,,,,,
11/04/98,Wolfsburg,Leverkusen,1,0,H,1,0,H,,,,,,,,,,,,,
12/04/98,M'gladbach,Duisburg,0,3,A,0,3,A,,,,,,,,,,,,,
17/04/98,Duisburg,Wolfsburg,2,2,D,0,0,D,,,,,,,,,,,,,
17/04/98,Werder Bremen,FC Koln,3,0,H,1,0,H,,,,,,,,,,,,,
18/04/98,Bielefeld,Bayern Munich,4,4,D,2,3,A,,,,,,,,,,,,,
18/04/98,Dortmund,M'gladbach,1,2,A,0,2,A,,,,,,,,,,,,,
18/04/98,Hansa Rostock,Kaiserslautern,2,2,D,1,1,D,,,,,,,,,,,,,
18/04/98,Karlsruhe,Schalke 04,0,0,D,0,0,D,,,,,,,,,,,,,
18/04/98,Leverkusen,Hamburg,5,0,H,2,0,H,,,,,,,,,,,,,
18/04/98,Munich 1860,Hertha,3,1,H,2,0,H,,,,,,,,,,,,,
19/04/98,Stuttgart,Bochum,2,0,H,1,0,H,,,,,,,,,,,,,
24/04/98,Hertha,Bielefeld,1,1,D,0,1,A,,,,,,,,,,,,,
24/04/98,Kaiserslautern,M'gladbach,3,2,H,1,2,A,,,,,,,,,,,,,
25/04/98,Bochum,Karlsruhe,3,3,D,1,2,A,,,,,,,,,,,,,
25/04/98,FC Koln,Munich 1860,2,3,A,0,3,A,,,,,,,,,,,,,
25/04/98,Hamburg,Duisburg,1,0,H,1,0,H,,,,,,,,,,,,,
25/04/98,Hansa Rostock,Stuttgart,1,1,D,1,0,H,,,,,,,,,,,,,
25/04/98,Schalke 04,Werder Bremen,0,1,A,0,1,A,,,,,,,,,,,,,
25/04/98,Wolfsburg,Dortmund,1,4,A,1,2,A,,,,,,,,,,,,,
26/04/98,Bayern Munich,Leverkusen,2,1,H,1,0,H,,,,,,,,,,,,,
29/04/98,Bielefeld,Kaiserslautern,2,2,D,1,1,D,,,,,,,,,,,,,
29/04/98,Bochum,Hertha,2,1,H,1,0,H,,,,,,,,,,,,,
29/04/98,Leverkusen,Dortmund,2,2,D,0,1,A,,,,,,,,,,,,,
29/04/98,Schalke 04,FC Koln,1,0,H,0,0,D,,,,,,,,,,,,,
02/05/98,Bielefeld,FC Koln,2,1,H,0,1,A,,,,,,,,,,,,,
02/05/98,Dortmund,Hamburg,0,1,A,0,1,A,,,,,,,,,,,,,
02/05/98,Duisburg,Bayern Munich,0,0,D,0,0,D,,,,,,,,,,,,,
02/05/98,Kaiserslautern,Wolfsburg,4,0,H,1,0,H,,,,,,,,,,,,,
02/05/98,Karlsruhe,Stuttgart,4,2,H,1,0,H,,,,,,,,,,,,,
02/05/98,Leverkusen,Hertha,0,1,A,0,0,D,,,,,,,,,,,,,
02/05/98,M'gladbach,Hansa Rostock,5,2,H,2,1,H,,,,,,,,,,,,,
02/05/98,Munich 1860,Schalke 04,1,0,H,1,0,H,,,,,,,,,,,,,
02/05/98,Werder Bremen,Bochum,1,0,H,0,0,D,,,,,,,,,,,,,
09/05/98,Bayern Munich,Dortmund,4,0,H,0,0,D,,,,,,,,,,,,,
09/05/98,Bochum,Munich 1860,1,0,H,1,0,H,,,,,,,,,,,,,
09/05/98,FC Koln,Leverkusen,2,2,D,1,0,H,,,,,,,,,,,,,
09/05/98,Hamburg,Kaiserslautern,1,1,D,0,0,D,,,,,,,,,,,,,
09/05/98,Hansa Rostock,Karlsruhe,4,2,H,2,1,H,,,,,,,,,,,,,
09/05/98,Hertha,Duisburg,1,3,A,0,1,A,,,,,,,,,,,,,
09/05/98,Schalke 04,Bielefeld,2,1,H,1,1,D,,,,,,,,,,,,,
09/05/98,Stuttgart,Werder Bremen,1,0,H,0,0,D,,,,,,,,,,,,,
09/05/98,Wolfsburg,M'gladbach,0,2,A,0,2,A,,,,,,,,,,,,,
