Date,HomeTeam,AwayTeam,FTHG,FTAG,FTR,HTHG,HTAG,HTR,Referee,HS,AS,HST,AST,HF,AF,HC,AC,HY,AY,HR,AR
06/08/04,Nice,Lyon,0,1,A,0,0,D,,,,,,,,,,,,,
07/08/04,Bastia,Strasbourg,2,1,H,1,0,H,,,,,,,,,,,,,
07/08/04,Caen,Istres,1,1,D,1,1,D,,,,,,,,,,,,,
07/08/04,Lille,Auxerre,2,0,H,1,0,H,,,,,,,,,,,,,
07/08/04,Marseille,Bordeaux,1,0,H,0,0,D,,,,,,,,,,,,,
07/08/04,Metz,Nantes,1,0,H,0,0,D,,,,,,,,,,,,,
07/08/04,Rennes,Paris SG,2,1,H,2,1,H,,,,,,,,,,,,,
07/08/04,Sochaux,Ajaccio,1,0,H,1,0,H,,,,,,,,,,,,,
07/08/04,St Etienne,Monaco,0,1,A,0,1,A,,,,,,,,,,,,,
07/08/04,Toulouse,Lens,0,0,D,0,0,D,,,,,,,,,,,,,
14/08/04,Ajaccio,Metz,1,2,A,0,1,A,,,,,,,,,,,,,
14/08/04,Auxerre,Rennes,3,1,H,0,0,D,,,,,,,,,,,,,
14/08/04,Bordeaux,Nice,5,1,H,2,0,H,,,,,,,,,,,,,
14/08/04,Lens,St Etienne,3,0,H,2,0,H,,,,,,,,,,,,,
14/08/04,Lyon,Sochaux,1,1,D,0,1,A,,,,,,,,,,,,,
14/08/04,Monaco,Istres,2,1,H,2,0,H,,,,,,,,,,,,,
14/08/04,Nantes,Bastia,1,1,D,0,0,D,,,,,,,,,,,,,
14/08/04,Paris SG,Caen,2,2,D,1,1,D,,,,,,,,,,,,,
14/08/04,Strasbourg,Toulouse,1,4,A,0,3,A,,,,,,,,,,,,,
15/08/04,Marseille,Lille,3,0,H,1,0,H,,,,,,,,,,,,,
21/08/04,Bastia,Ajaccio,1,0,H,0,0,D,,,,,,,,,,,,,
21/08/04,Caen,Monaco,1,0,H,1,0,H,,,,,,,,,,,,,
21/08/04,Istres,Lens,0,2,A,0,1,A,,,,,,,,,,,,,
21/08/04,Lille,Bordeaux,0,0,D,0,0,D,,,,,,,,,,,,,
21/08/04,Nice,Marseille,1,1,D,0,0,D,,,,,,,,,,,,,
21/08/04,Rennes,Nantes,1,0,H,1,0,H,,,,,,,,,,,,,
21/08/04,Sochaux,Auxerre,1,2,A,1,1,D,,,,,,,,,,,,,
21/08/04,St Etienne,Strasbourg,1,1,D,1,0,H,,,,,,,,,,,,,
21/08/04,Toulouse,Paris SG,2,1,H,0,0,D,,,,,,,,,,,,,
22/08/04,Metz,Lyon,1,1,D,1,0,H,,,,,,,,,,,,,
27/08/04,Nice,Bastia,1,1,D,1,0,H,,,,,,,,,,,,,
28/08/04,Ajaccio,Rennes,1,1,D,1,1,D,,,,,,,,,,,,,
28/08/04,Auxerre,Caen,1,0,H,0,0,D,,,,,,,,,,,,,
28/08/04,Bordeaux,Sochaux,2,0,H,1,0,H,,,,,,,,,,,,,
28/08/04,Lens,Monaco,1,1,D,1,1,D,,,,,,,,,,,,,
28/08/04,Lyon,Lille,1,0,H,1,0,H,,,,,,,,,,,,,
28/08/04,Marseille,Metz,1,3,A,1,1,D,,,,,,,,,,,,,
28/08/04,Nantes,Toulouse,2,2,D,1,2,A,,,,,,,,,,,,,
28/08/04,Strasbourg,Istres,1,1,D,1,0,H,,,,,,,,,,,,,
29/08/04,Paris SG,St Etienne,2,2,D,0,0,D,,,,,,,,,,,,,
11/09/04,Bastia,Auxerre,1,0,H,1,0,H,,,,,,,,,,,,,
11/09/04,Caen,Lens,1,0,H,0,0,D,,,,,,,,,,,,,
11/09/04,Istres,Paris SG,1,1,D,1,0,H,,,,,,,,,,,,,
11/09/04,Lille,Nice,1,0,H,0,0,D,,,,,,,,,,,,,
11/09/04,Metz,Bordeaux,0,0,D,0,0,D,,,,,,,,,,,,,
11/09/04,Monaco,Strasbourg,3,1,H,1,1,D,,,,,,,,,,,,,
11/09/04,Rennes,Lyon,1,2,A,0,0,D,,,,,,,,,,,,,
11/09/04,St Etienne,Nantes,0,0,D,0,0,D,,,,,,,,,,,,,
11/09/04,Toulouse,Ajaccio,3,1,H,1,1,D,,,,,,,,,,,,,
12/09/04,Sochaux,Marseille,2,0,H,1,0,H,,,,,,,,,,,,,
18/09/04,Ajaccio,St Etienne,1,1,D,0,1,A,,,,,,,,,,,,,
18/09/04,Bordeaux,Rennes,0,0,D,0,0,D,,,,,,,,,,,,,
18/09/04,Lyon,Bastia,0,0,D,0,0,D,,,,,,,,,,,,,
18/09/04,Marseille,Toulouse,1,0,H,1,0,H,,,,,,,,,,,,,
18/09/04,Nantes,Istres,1,0,H,0,0,D,,,,,,,,,,,,,
18/09/04,Strasbourg,Lens,2,2,D,1,1,D,,,,,,,,,,,,,
19/09/04,Auxerre,Metz,4,0,H,3,0,H,,,,,,,,,,,,,
19/09/04,Lille,Caen,2,0,H,1,0,H,,,,,,,,,,,,,
19/09/04,Nice,Sochaux,2,1,H,1,1,D,,,,,,,,,,,,,
19/09/04,Paris SG,Monaco,0,1,A,0,0,D,,,,,,,,,,,,,
21/09/04,Toulouse,Lyon,0,2,A,0,0,D,,,,,,,,,,,,,
22/09/04,Bastia,Bordeaux,1,4,A,1,3,A,,,,,,,,,,,,,
22/09/04,Caen,Strasbourg,0,0,D,0,0,D,,,,,,,,,,,,,
22/09/04,Istres,Ajaccio,0,1,A,0,1,A,,,,,,,,,,,,,
22/09/04,Lens,Paris SG,2,2,D,0,1,A,,,,,,,,,,,,,
22/09/04,Metz,Nice,1,1,D,0,0,D,,,,,,,,,,,,,
22/09/04,Monaco,Nantes,2,1,H,0,1,A,,,,,,,,,,,,,
22/09/04,Rennes,Marseille,1,0,H,0,0,D,,,,,,,,,,,,,
22/09/04,Sochaux,Lille,0,2,A,0,0,D,,,,,,,,,,,,,
22/09/04,St Etienne,Auxerre,3,1,H,3,0,H,,,,,,,,,,,,,
25/09/04,Ajaccio,Caen,2,2,D,1,1,D,,,,,,,,,,,,,
25/09/04,Auxerre,Istres,0,0,D,0,0,D,,,,,,,,,,,,,
25/09/04,Bordeaux,Toulouse,1,1,D,0,0,D,,,,,,,,,,,,,
25/09/04,Lille,Metz,4,0,H,1,0,H,,,,,,,,,,,,,
25/09/04,Lyon,Monaco,0,0,D,0,0,D,,,,,,,,,,,,,
25/09/04,Marseille,Bastia,1,0,H,0,0,D,,,,,,,,,,,,,
25/09/04,Nice,Rennes,2,0,H,2,0,H,,,,,,,,,,,,,
25/09/04,Paris SG,Strasbourg,1,0,H,0,0,D,,,,,,,,,,,,,
25/09/04,Sochaux,St Etienne,2,1,H,1,1,D,,,,,,,,,,,,,
26/09/04,Nantes,Lens,1,0,H,0,0,D,,,,,,,,,,,,,
02/10/04,Bastia,Paris SG,1,2,A,1,2,A,,,,,,,,,,,,,
02/10/04,Caen,Bordeaux,1,1,D,1,0,H,,,,,,,,,,,,,
02/10/04,Istres,Marseille,0,2,A,0,1,A,,,,,,,,,,,,,
02/10/04,Lens,Ajaccio,1,1,D,1,1,D,,,,,,,,,,,,,
02/10/04,Monaco,Nice,3,4,A,2,0,H,,,,,,,,,,,,,
02/10/04,Strasbourg,Nantes,0,2,A,0,1,A,,,,,,,,,,,,,
03/10/04,Metz,Sochaux,0,0,D,0,0,D,,,,,,,,,,,,,
03/10/04,Rennes,Lille,0,1,A,0,0,D,,,,,,,,,,,,,
03/10/04,St Etienne,Lyon,2,3,A,0,1,A,,,,,,,,,,,,,
03/10/04,Toulouse,Auxerre,1,2,A,1,0,H,,,,,,,,,,,,,
15/10/04,Lyon,Caen,4,0,H,3,0,H,,,,,,,,,,,,,
16/10/04,Ajaccio,Strasbourg,2,2,D,0,1,A,,,,,,,,,,,,,
16/10/04,Auxerre,Lens,3,0,H,2,0,H,,,,,,,,,,,,,
16/10/04,Bordeaux,Istres,2,2,D,1,1,D,,,,,,,,,,,,,
16/10/04,Lille,Bastia,2,1,H,1,1,D,,,,,,,,,,,,,
16/10/04,Metz,Monaco,1,1,D,0,0,D,,,,,,,,,,,,,
16/10/04,Nantes,Paris SG,1,0,H,0,0,D,,,,,,,,,,,,,
16/10/04,Nice,Toulouse,1,0,H,1,0,H,,,,,,,,,,,,,
16/10/04,Sochaux,Rennes,3,0,H,1,0,H,,,,,,,,,,,,,
17/10/04,Marseille,St Etienne,1,1,D,0,1,A,,,,,,,,,,,,,
23/10/04,Caen,Nantes,2,1,H,1,1,D,,,,,,,,,,,,,
23/10/04,Istres,Lyon,0,0,D,0,0,D,,,,,,,,,,,,,
23/10/04,Paris SG,Ajaccio,1,0,H,1,0,H,,,,,,,,,,,,,
23/10/04,Rennes,Metz,3,1,H,2,1,H,,,,,,,,,,,,,
23/10/04,St Etienne,Bordeaux,0,0,D,0,0,D,,,,,,,,,,,,,
23/10/04,Strasbourg,Nice,3,1,H,1,0,H,,,,,,,,,,,,,
24/10/04,Bastia,Sochaux,1,1,D,1,1,D,,,,,,,,,,,,,
24/10/04,Lens,Marseille,0,0,D,0,0,D,,,,,,,,,,,,,
24/10/04,Monaco,Auxerre,0,0,D,0,0,D,,,,,,,,,,,,,
24/10/04,Toulouse,Lille,1,0,H,0,0,D,,,,,,,,,,,,,
29/10/04,Marseille,Monaco,1,1,D,1,1,D,,,,,,,,,,,,,
30/10/04,Ajaccio,Nantes,1,1,D,1,1,D,,,,,,,,,,,,,
30/10/04,Auxerre,Paris SG,1,1,D,0,1,A,,,,,,,,,,,,,
30/10/04,Bordeaux,Lens,1,1,D,0,0,D,,,,,,,,,,,,,
30/10/04,Lille,St Etienne,1,0,H,1,0,H,,,,,,,,,,,,,
30/10/04,Lyon,Strasbourg,1,0,H,0,0,D,,,,,,,,,,,,,
30/10/04,Metz,Bastia,2,0,H,2,0,H,,,,,,,,,,,,,
30/10/04,Nice,Istres,0,0,D,0,0,D,,,,,,,,,,,,,
30/10/04,Rennes,Caen,1,1,D,0,0,D,,,,,,,,,,,,,
30/10/04,Sochaux,Toulouse,2,0,H,1,0,H,,,,,,,,,,,,,
06/11/04,Bastia,Rennes,1,1,D,1,0,H,,,,,,,,,,,,,
06/11/04,Caen,Sochaux,0,2,A,0,1,A,,,,,,,,,,,,,
06/11/04,Lens,Lyon,0,1,A,0,1,A,,,,,,,,,,,,,
06/11/04,Monaco,Ajaccio,2,2,D,1,1,D,,,,,,,,,,,,,
06/11/04,St Etienne,Nice,2,1,H,1,1,D,,,,,,,,,,,,,
06/11/04,Strasbourg,Bordeaux,1,0,H,0,0,D,,,,,,,,,,,,,
06/11/04,Toulouse,Metz,1,1,D,1,0,H,,,,,,,,,,,,,
07/11/04,Istres,Lille,0,2,A,0,1,A,,,,,,,,,,,,,
07/11/04,Nantes,Auxerre,1,1,D,1,0,H,,,,,,,,,,,,,
07/11/04,Paris SG,Marseille,2,1,H,1,1,D,,,,,,,,,,,,,
13/11/04,Auxerre,Ajaccio,1,0,H,0,0,D,,,,,,,,,,,,,
13/11/04,Bastia,St Etienne,0,3,A,0,0,D,,,,,,,,,,,,,
13/11/04,Bordeaux,Paris SG,3,0,H,1,0,H,,,,,,,,,,,,,
13/11/04,Lyon,Nantes,2,0,H,0,0,D,,,,,,,,,,,,,
13/11/04,Marseille,Strasbourg,2,0,H,0,0,D,,,,,,,,,,,,,
13/11/04,Metz,Caen,1,2,A,1,1,D,,,,,,,,,,,,,
13/11/04,Nice,Lens,1,1,D,1,1,D,,,,,,,,,,,,,
13/11/04,Rennes,Toulouse,1,1,D,0,0,D,,,,,,,,,,,,,
13/11/04,Sochaux,Istres,1,1,D,0,0,D,,,,,,,,,,,,,
14/11/04,Lille,Monaco,1,1,D,1,1,D,,,,,,,,,,,,,
19/11/04,Monaco,Sochaux,1,3,A,0,1,A,,,,,,,,,,,,,
19/11/04,Paris SG,Lyon,0,0,D,0,0,D,,,,,,,,,,,,,
20/11/04,Ajaccio,Marseille,2,0,H,1,0,H,,,,,,,,,,,,,
20/11/04,Caen,Nice,0,0,D,0,0,D,,,,,,,,,,,,,
20/11/04,Istres,Metz,0,0,D,0,0,D,,,,,,,,,,,,,
20/11/04,Lens,Lille,1,1,D,1,0,H,,,,,,,,,,,,,
20/11/04,Nantes,Bordeaux,0,1,A,0,1,A,,,,,,,,,,,,,
20/11/04,St Etienne,Rennes,1,0,H,0,0,D,,,,,,,,,,,,,
20/11/04,Strasbourg,Auxerre,3,1,H,2,0,H,,,,,,,,,,,,,
20/11/04,Toulouse,Bastia,1,0,H,0,0,D,,,,,,,,,,,,,
27/11/04,Bastia,Caen,2,0,H,1,0,H,,,,,,,,,,,,,
27/11/04,Bordeaux,Ajaccio,0,0,D,0,0,D,,,,,,,,,,,,,
27/11/04,Lyon,Auxerre,2,1,H,2,0,H,,,,,,,,,,,,,
27/11/04,Marseille,Nantes,3,1,H,2,0,H,,,,,,,,,,,,,
27/11/04,Metz,St Etienne,2,2,D,2,1,H,,,,,,,,,,,,,
27/11/04,Rennes,Istres,3,1,H,1,0,H,,,,,,,,,,,,,
27/11/04,Toulouse,Monaco,0,0,D,0,0,D,,,,,,,,,,,,,
28/11/04,Lille,Strasbourg,1,1,D,0,0,D,,,,,,,,,,,,,
28/11/04,Nice,Paris SG,1,1,D,0,1,A,,,,,,,,,,,,,
28/11/04,Sochaux,Lens,1,2,A,0,0,D,,,,,,,,,,,,,
03/12/04,Monaco,Rennes,2,0,H,2,0,H,,,,,,,,,,,,,
04/12/04,Ajaccio,Lyon,1,1,D,0,0,D,,,,,,,,,,,,,
04/12/04,Caen,Marseille,2,3,A,1,1,D,,,,,,,,,,,,,
04/12/04,Istres,Bastia,1,0,H,0,0,D,,,,,,,,,,,,,
04/12/04,Lens,Metz,2,0,H,1,0,H,,,,,,,,,,,,,
04/12/04,Nantes,Nice,0,1,A,0,1,A,,,,,,,,,,,,,
04/12/04,Paris SG,Lille,1,1,D,1,1,D,,,,,,,,,,,,,
04/12/04,St Etienne,Toulouse,0,0,D,0,0,D,,,,,,,,,,,,,
04/12/04,Strasbourg,Sochaux,0,0,D,0,0,D,,,,,,,,,,,,,
05/12/04,Auxerre,Bordeaux,0,0,D,0,0,D,,,,,,,,,,,,,
11/12/04,Bastia,Monaco,0,2,A,0,2,A,,,,,,,,,,,,,
11/12/04,Bordeaux,Lyon,0,0,D,0,0,D,,,,,,,,,,,,,
11/12/04,Lille,Nantes,2,1,H,0,1,A,,,,,,,,,,,,,
11/12/04,Marseille,Auxerre,0,1,A,0,0,D,,,,,,,,,,,,,
11/12/04,Metz,Strasbourg,1,0,H,1,0,H,,,,,,,,,,,,,
11/12/04,Nice,Ajaccio,3,0,H,1,0,H,,,,,,,,,,,,,
11/12/04,Rennes,Lens,3,1,H,1,1,D,,,,,,,,,,,,,
11/12/04,St Etienne,Caen,5,0,H,4,0,H,,,,,,,,,,,,,
11/12/04,Toulouse,Istres,2,1,H,1,1,D,,,,,,,,,,,,,
12/12/04,Sochaux,Paris SG,1,2,A,0,2,A,,,,,,,,,,,,,
17/12/04,Lyon,Marseille,1,1,D,1,1,D,,,,,,,,,,,,,
18/12/04,Ajaccio,Lille,0,0,D,0,0,D,,,,,,,,,,,,,
18/12/04,Auxerre,Nice,4,3,H,1,0,H,,,,,,,,,,,,,
18/12/04,Caen,Toulouse,0,2,A,0,1,A,,,,,,,,,,,,,
18/12/04,Istres,St Etienne,0,2,A,0,2,A,,,,,,,,,,,,,
18/12/04,Lens,Bastia,2,1,H,1,0,H,,,,,,,,,,,,,
18/12/04,Monaco,Bordeaux,1,1,D,1,1,D,,,,,,,,,,,,,
18/12/04,Paris SG,Metz,3,0,H,1,0,H,,,,,,,,,,,,,
18/12/04,Strasbourg,Rennes,1,0,H,1,0,H,,,,,,,,,,,,,
19/12/04,Nantes,Sochaux,2,2,D,1,2,A,,,,,,,,,,,,,
11/01/05,Lille,Marseille,1,2,A,0,2,A,,,,,,,,,,,,,
12/01/05,Bastia,Nantes,0,0,D,0,0,D,,,,,,,,,,,,,
12/01/05,Caen,Paris SG,0,0,D,0,0,D,,,,,,,,,,,,,
12/01/05,Istres,Monaco,0,1,A,0,1,A,,,,,,,,,,,,,
12/01/05,Metz,Ajaccio,1,0,H,0,0,D,,,,,,,,,,,,,
12/01/05,Nice,Bordeaux,3,3,D,2,1,H,,,,,,,,,,,,,
12/01/05,Rennes,Auxerre,1,0,H,0,0,D,,,,,,,,,,,,,
12/01/05,Sochaux,Lyon,0,2,A,0,2,A,,,,,,,,,,,,,
12/01/05,St Etienne,Lens,0,0,D,0,0,D,,,,,,,,,,,,,
12/01/05,Toulouse,Strasbourg,2,0,H,1,0,H,,,,,,,,,,,,,
15/01/05,Ajaccio,Bastia,1,0,H,1,0,H,,,,,,,,,,,,,
15/01/05,Auxerre,Sochaux,2,0,H,0,0,D,,,,,,,,,,,,,
15/01/05,Bordeaux,Lille,1,3,A,0,2,A,,,,,,,,,,,,,
15/01/05,Lens,Istres,0,1,A,0,1,A,,,,,,,,,,,,,
15/01/05,Lyon,Metz,2,0,H,0,0,D,,,,,,,,,,,,,
15/01/05,Monaco,Caen,5,2,H,3,1,H,,,,,,,,,,,,,
15/01/05,Nantes,Rennes,2,0,H,1,0,H,,,,,,,,,,,,,
15/01/05,Paris SG,Toulouse,0,0,D,0,0,D,,,,,,,,,,,,,
15/01/05,Strasbourg,St Etienne,1,1,D,1,1,D,,,,,,,,,,,,,
16/01/05,Marseille,Nice,2,0,H,2,0,H,,,,,,,,,,,,,
22/01/05,Bastia,Nice,2,0,H,1,0,H,,,,,,,,,,,,,
22/01/05,Caen,Auxerre,0,2,A,0,0,D,,,,,,,,,,,,,
22/01/05,Istres,Strasbourg,1,1,D,0,1,A,,,,,,,,,,,,,
22/01/05,Metz,Marseille,0,1,A,0,1,A,,,,,,,,,,,,,
22/01/05,Monaco,Lens,2,0,H,2,0,H,,,,,,,,,,,,,
22/01/05,Rennes,Ajaccio,2,0,H,1,0,H,,,,,,,,,,,,,
22/01/05,Sochaux,Bordeaux,4,0,H,0,0,D,,,,,,,,,,,,,
22/01/05,St Etienne,Paris SG,0,0,D,0,0,D,,,,,,,,,,,,,
22/01/05,Toulouse,Nantes,2,1,H,1,1,D,,,,,,,,,,,,,
23/01/05,Lille,Lyon,2,1,H,1,0,H,,,,,,,,,,,,,
25/01/05,Marseille,Sochaux,0,2,A,0,0,D,,,,,,,,,,,,,
26/01/05,Ajaccio,Toulouse,1,0,H,1,0,H,,,,,,,,,,,,,
26/01/05,Auxerre,Bastia,4,1,H,1,1,D,,,,,,,,,,,,,
26/01/05,Bordeaux,Metz,1,0,H,0,0,D,,,,,,,,,,,,,
26/01/05,Lens,Caen,0,1,A,0,0,D,,,,,,,,,,,,,
26/01/05,Lyon,Rennes,2,1,H,2,0,H,,,,,,,,,,,,,
26/01/05,Nantes,St Etienne,0,0,D,0,0,D,,,,,,,,,,,,,
26/01/05,Nice,Lille,1,1,D,0,1,A,,,,,,,,,,,,,
26/01/05,Paris SG,Istres,2,2,D,1,0,H,,,,,,,,,,,,,
29/01/05,Caen,Lille,0,0,D,0,0,D,,,,,,,,,,,,,
29/01/05,Lens,Strasbourg,2,1,H,1,0,H,,,,,,,,,,,,,
29/01/05,Metz,Auxerre,3,0,H,0,0,D,,,,,,,,,,,,,
29/01/05,Rennes,Bordeaux,2,0,H,1,0,H,,,,,,,,,,,,,
29/01/05,Sochaux,Nice,0,0,D,0,0,D,,,,,,,,,,,,,
29/01/05,Toulouse,Marseille,1,3,A,1,2,A,,,,,,,,,,,,,
30/01/05,Istres,Nantes,0,1,A,0,0,D,,,,,,,,,,,,,
30/01/05,Monaco,Paris SG,2,0,H,1,0,H,,,,,,,,,,,,,
01/02/05,Bastia,Lyon,1,1,D,0,1,A,,,,,,,,,,,,,
05/02/05,Ajaccio,Istres,0,0,D,0,0,D,,,,,,,,,,,,,
05/02/05,Auxerre,St Etienne,2,2,D,1,1,D,,,,,,,,,,,,,
05/02/05,Bordeaux,Bastia,0,0,D,0,0,D,,,,,,,,,,,,,
05/02/05,Lille,Sochaux,0,0,D,0,0,D,,,,,,,,,,,,,
05/02/05,Lyon,Toulouse,4,0,H,2,0,H,,,,,,,,,,,,,
05/02/05,Marseille,Rennes,3,1,H,2,0,H,,,,,,,,,,,,,
05/02/05,Nantes,Monaco,0,0,D,0,0,D,,,,,,,,,,,,,
05/02/05,Nice,Metz,1,1,D,0,0,D,,,,,,,,,,,,,
05/02/05,Strasbourg,Caen,5,0,H,3,0,H,,,,,,,,,,,,,
06/02/05,Paris SG,Lens,0,2,A,0,1,A,,,,,,,,,,,,,
18/02/05,Monaco,Lyon,1,1,D,0,0,D,,,,,,,,,,,,,
19/02/05,Bastia,Marseille,0,1,A,0,0,D,,,,,,,,,,,,,
19/02/05,Caen,Ajaccio,2,2,D,2,2,D,,,,,,,,,,,,,
19/02/05,Lens,Nantes,2,0,H,1,0,H,,,,,,,,,,,,,
19/02/05,Rennes,Nice,4,1,H,0,0,D,,,,,,,,,,,,,
19/02/05,Strasbourg,Paris SG,3,1,H,2,0,H,,,,,,,,,,,,,
19/02/05,Toulouse,Bordeaux,1,0,H,0,0,D,,,,,,,,,,,,,
20/02/05,Istres,Auxerre,1,0,H,1,0,H,,,,,,,,,,,,,
20/02/05,Metz,Lille,1,1,D,0,1,A,,,,,,,,,,,,,
20/02/05,St Etienne,Sochaux,1,0,H,0,0,D,,,,,,,,,,,,,
26/02/05,Ajaccio,Lens,0,0,D,0,0,D,,,,,,,,,,,,,
26/02/05,Bordeaux,Caen,2,2,D,1,0,H,,,,,,,,,,,,,
26/02/05,Lyon,St Etienne,3,2,H,1,0,H,,,,,,,,,,,,,
26/02/05,Nantes,Strasbourg,2,1,H,1,0,H,,,,,,,,,,,,,
26/02/05,Nice,Monaco,2,1,H,1,0,H,,,,,,,,,,,,,
26/02/05,Paris SG,Bastia,1,0,H,0,0,D,,,,,,,,,,,,,
27/02/05,Lille,Rennes,0,0,D,0,0,D,,,,,,,,,,,,,
27/02/05,Marseille,Istres,1,1,D,0,0,D,,,,,,,,,,,,,
04/03/05,Caen,Lyon,1,0,H,0,0,D,,,,,,,,,,,,,
05/03/05,Bastia,Lille,3,1,H,3,1,H,,,,,,,,,,,,,
05/03/05,Istres,Bordeaux,0,1,A,0,0,D,,,,,,,,,,,,,
05/03/05,Lens,Auxerre,3,1,H,1,0,H,,,,,,,,,,,,,
05/03/05,Monaco,Metz,0,0,D,0,0,D,,,,,,,,,,,,,
05/03/05,Paris SG,Nantes,1,0,H,0,0,D,,,,,,,,,,,,,
05/03/05,Rennes,Sochaux,3,0,H,2,0,H,,,,,,,,,,,,,
05/03/05,Strasbourg,Ajaccio,1,0,H,1,0,H,,,,,,,,,,,,,
05/03/05,Toulouse,Nice,1,0,H,1,0,H,,,,,,,,,,,,,
06/03/05,St Etienne,Marseille,2,0,H,1,0,H,,,,,,,,,,,,,
12/03/05,Ajaccio,Paris SG,1,0,H,1,0,H,,,,,,,,,,,,,
12/03/05,Bordeaux,St Etienne,2,0,H,1,0,H,,,,,,,,,,,,,
12/03/05,Lyon,Istres,2,1,H,1,1,D,,,,,,,,,,,,,
12/03/05,Marseille,Lens,2,1,H,1,1,D,,,,,,,,,,,,,
12/03/05,Metz,Rennes,1,1,D,1,1,D,,,,,,,,,,,,,
12/03/05,Nantes,Caen,2,0,H,1,0,H,,,,,,,,,,,,,
12/03/05,Nice,Strasbourg,0,0,D,0,0,D,,,,,,,,,,,,,
12/03/05,Sochaux,Bastia,1,0,H,1,0,H,,,,,,,,,,,,,
13/03/05,Auxerre,Monaco,2,2,D,0,1,A,,,,,,,,,,,,,
13/03/05,Lille,Toulouse,1,1,D,0,0,D,,,,,,,,,,,,,
16/03/05,Sochaux,Metz,2,1,H,1,1,D,,,,,,,,,,,,,
16/03/05,St Etienne,Ajaccio,3,0,H,0,0,D,,,,,,,,,,,,,
16/03/05,Strasbourg,Monaco,0,0,D,0,0,D,,,,,,,,,,,,,
19/03/05,Bastia,Metz,1,0,H,0,0,D,,,,,,,,,,,,,
19/03/05,Caen,Rennes,2,2,D,0,0,D,,,,,,,,,,,,,
19/03/05,Istres,Nice,1,1,D,0,1,A,,,,,,,,,,,,,
19/03/05,Lens,Bordeaux,2,0,H,1,0,H,,,,,,,,,,,,,
19/03/05,Nantes,Ajaccio,0,0,D,0,0,D,,,,,,,,,,,,,
19/03/05,Strasbourg,Lyon,0,1,A,0,0,D,,,,,,,,,,,,,
19/03/05,Toulouse,Sochaux,0,0,D,0,0,D,,,,,,,,,,,,,
20/03/05,Monaco,Marseille,2,1,H,2,0,H,,,,,,,,,,,,,
20/03/05,Paris SG,Auxerre,1,0,H,1,0,H,,,,,,,,,,,,,
20/03/05,St Etienne,Lille,0,0,D,0,0,D,,,,,,,,,,,,,
02/04/05,Ajaccio,Monaco,3,0,H,3,0,H,,,,,,,,,,,,,
02/04/05,Auxerre,Nantes,2,1,H,0,0,D,,,,,,,,,,,,,
02/04/05,Bordeaux,Strasbourg,0,2,A,0,0,D,,,,,,,,,,,,,
02/04/05,Lille,Istres,8,0,H,5,0,H,,,,,,,,,,,,,
02/04/05,Lyon,Lens,1,0,H,0,0,D,,,,,,,,,,,,,
02/04/05,Metz,Toulouse,0,1,A,0,1,A,,,,,,,,,,,,,
02/04/05,Nice,St Etienne,2,0,H,2,0,H,,,,,,,,,,,,,
02/04/05,Rennes,Bastia,1,0,H,1,0,H,,,,,,,,,,,,,
02/04/05,Sochaux,Caen,1,0,H,0,0,D,,,,,,,,,,,,,
03/04/05,Marseille,Paris SG,1,1,D,0,0,D,,,,,,,,,,,,,
09/04/05,Caen,Metz,0,1,A,0,0,D,,,,,,,,,,,,,
09/04/05,Istres,Sochaux,2,0,H,0,0,D,,,,,,,,,,,,,
09/04/05,Lens,Nice,0,0,D,0,0,D,,,,,,,,,,,,,
09/04/05,Nantes,Lyon,2,2,D,1,1,D,,,,,,,,,,,,,
09/04/05,Paris SG,Bordeaux,1,1,D,1,0,H,,,,,,,,,,,,,
09/04/05,St Etienne,Bastia,3,0,H,1,0,H,,,,,,,,,,,,,
09/04/05,Strasbourg,Marseille,1,0,H,0,0,D,,,,,,,,,,,,,
09/04/05,Toulouse,Rennes,0,2,A,0,1,A,,,,,,,,,,,,,
10/04/05,Ajaccio,Auxerre,4,3,H,2,1,H,,,,,,,,,,,,,
16/04/05,Bastia,Toulouse,2,1,H,1,0,H,,,,,,,,,,,,,
16/04/05,Bordeaux,Nantes,0,2,A,0,1,A,,,,,,,,,,,,,
16/04/05,Lille,Lens,2,1,H,1,1,D,,,,,,,,,,,,,
16/04/05,Marseille,Ajaccio,1,2,A,0,1,A,,,,,,,,,,,,,
16/04/05,Metz,Istres,2,1,H,1,0,H,,,,,,,,,,,,,
16/04/05,Nice,Caen,0,1,A,0,0,D,,,,,,,,,,,,,
16/04/05,Rennes,St Etienne,2,2,D,1,1,D,,,,,,,,,,,,,
16/04/05,Sochaux,Monaco,1,1,D,1,1,D,,,,,,,,,,,,,
17/04/05,Auxerre,Strasbourg,0,0,D,0,0,D,,,,,,,,,,,,,
17/04/05,Lyon,Paris SG,0,1,A,0,1,A,,,,,,,,,,,,,
22/04/05,Paris SG,Nice,3,1,H,2,0,H,,,,,,,,,,,,,
23/04/05,Ajaccio,Bordeaux,0,0,D,0,0,D,,,,,,,,,,,,,
23/04/05,Caen,Bastia,0,1,A,0,0,D,,,,,,,,,,,,,
23/04/05,Istres,Rennes,0,2,A,0,1,A,,,,,,,,,,,,,
23/04/05,Lens,Sochaux,3,2,H,2,0,H,,,,,,,,,,,,,
23/04/05,Monaco,Toulouse,2,1,H,0,0,D,,,,,,,,,,,,,
23/04/05,Nantes,Marseille,2,2,D,1,0,H,,,,,,,,,,,,,
23/04/05,St Etienne,Metz,0,0,D,0,0,D,,,,,,,,,,,,,
23/04/05,Strasbourg,Lille,1,2,A,0,1,A,,,,,,,,,,,,,
24/04/05,Auxerre,Lyon,0,3,A,0,2,A,,,,,,,,,,,,,
29/04/05,Auxerre,Toulouse,3,2,H,1,0,H,,,,,,,,,,,,,
01/05/05,Monaco,Lille,2,0,H,0,0,D,,,,,,,,,,,,,
06/05/05,Bordeaux,Auxerre,0,0,D,0,0,D,,,,,,,,,,,,,
07/05/05,Bastia,Istres,2,0,H,0,0,D,,,,,,,,,,,,,
07/05/05,Lille,Paris SG,1,0,H,0,0,D,,,,,,,,,,,,,
07/05/05,Marseille,Caen,2,3,A,1,2,A,,,,,,,,,,,,,
07/05/05,Metz,Lens,1,1,D,1,0,H,,,,,,,,,,,,,
07/05/05,Nice,Nantes,0,0,D,0,0,D,,,,,,,,,,,,,
07/05/05,Rennes,Monaco,0,0,D,0,0,D,,,,,,,,,,,,,
07/05/05,Sochaux,Strasbourg,1,2,A,0,0,D,,,,,,,,,,,,,
07/05/05,Toulouse,St Etienne,0,2,A,0,1,A,,,,,,,,,,,,,
08/05/05,Lyon,Ajaccio,2,1,H,1,0,H,,,,,,,,,,,,,
14/05/05,Ajaccio,Nice,0,1,A,0,0,D,,,,,,,,,,,,,
14/05/05,Auxerre,Marseille,0,0,D,0,0,D,,,,,,,,,,,,,
14/05/05,Caen,St Etienne,2,0,H,1,0,H,,,,,,,,,,,,,
14/05/05,Istres,Toulouse,1,0,H,0,0,D,,,,,,,,,,,,,
14/05/05,Lens,Rennes,5,2,H,2,1,H,,,,,,,,,,,,,
14/05/05,Monaco,Bastia,5,2,H,3,1,H,,,,,,,,,,,,,
14/05/05,Nantes,Lille,1,3,A,1,1,D,,,,,,,,,,,,,
14/05/05,Paris SG,Sochaux,2,2,D,0,0,D,,,,,,,,,,,,,
14/05/05,Strasbourg,Metz,3,1,H,1,1,D,,,,,,,,,,,,,
15/05/05,Lyon,Bordeaux,5,1,H,3,1,H,,,,,,,,,,,,,
21/05/05,Bastia,Lens,3,1,H,2,1,H,,,,,,,,,,,,,
21/05/05,Bordeaux,Monaco,1,1,D,0,0,D,,,,,,,,,,,,,
21/05/05,Lille,Ajaccio,0,2,A,0,1,A,,,,,,,,,,,,,
21/05/05,Marseille,Lyon,0,1,A,0,0,D,,,,,,,,,,,,,
21/05/05,Metz,Paris SG,3,2,H,2,0,H,,,,,,,,,,,,,
21/05/05,Nice,Auxerre,1,0,H,1,0,H,,,,,,,,,,,,,
21/05/05,Rennes,Strasbourg,4,0,H,1,0,H,,,,,,,,,,,,,
21/05/05,Sochaux,Nantes,1,0,H,1,0,H,,,,,,,,,,,,,
21/05/05,St Etienne,Istres,2,0,H,0,0,D,,,,,,,,,,,,,
21/05/05,Toulouse,Caen,2,3,A,1,0,H,,,,,,,,,,,,,
28/05/05,Ajaccio,Sochaux,3,1,H,1,1,D,,,,,,,,,,,,,
28/05/05,Auxerre,Lille,1,3,A,1,1,D,,,,,,,,,,,,,
28/05/05,Bordeaux,Marseille,3,3,D,1,2,A,,,,,,,,,,,,,
28/05/05,Istres,Caen,3,2,H,2,1,H,,,,,,,,,,,,,
28/05/05,Lens,Toulouse,1,0,H,1,0,H,,,,,,,,,,,,,
28/05/05,Lyon,Nice,0,0,D,0,0,D,,,,,,,,,,,,,
28/05/05,Monaco,St Etienne,1,1,D,1,1,D,,,,,,,,,,,,,
28/05/05,Nantes,Metz,1,0,H,1,0,H,,,,,,,,,,,,,
28/05/05,Paris SG,Rennes,1,0,H,0,0,D,,,,,,,,,,,,,
28/05/05,Strasbourg,Bastia,2,0,H,0,0,D,,,,,,,,,,,,,
